filename,primary_label,view,coach_score_0_10,body_rises_early,front_knee_bad,rear_knee_bad,hip_position_bad,first_step_bad,arms_bad,usable_for_training,coach_comment
synth_v12_0000_side_good.mp4,good,side,9.0,0,0,0,0,0,0,yes,synthetic_v12 good
synth_v12_0001_side_body_rises_early.mp4,body_rises_early,side,6.5,1,0,0,0,0,0,yes,synthetic_v12 body_rises_early
synth_v12_0002_side_body_too_low_drive.mp4,body_too_low_drive,side,9.0,0,0,0,0,0,0,yes,synthetic_v12 body_too_low_drive
synth_v12_0003_side_hip_low.mp4,hip_low,side,6.5,0,0,0,1,0,0,yes,synthetic_v12 hip_low
synth_v12_0004_side_hip_high.mp4,hip_high,side,6.5,0,0,0,1,0,0,yes,synthetic_v12 hip_high
synth_v12_0005_side_front_knee_too_closed.mp4,front_knee_too_closed,side,6.2,0,1,0,0,0,0,yes,synthetic_v12 front_knee_too_closed
synth_v12_0006_side_front_knee_too_open.mp4,front_knee_too_open,side,6.2,0,1,0,0,0,0,yes,synthetic_v12 front_knee_too_open
synth_v12_0007_side_rear_knee_too_closed.mp4,rear_knee_too_closed,side,6.2,0,0,1,0,0,0,yes,synthetic_v12 rear_knee_too_closed
synth_v12_0008_side_rear_knee_too_open.mp4,rear_knee_too_open,side,6.2,0,0,1,0,0,0,yes,synthetic_v12 rear_knee_too_open
synth_v12_0009_side_first_step_too_short.mp4,first_step_too_short,side,6.6,0,0,0,0,1,0,yes,synthetic_v12 first_step_too_short
synth_v12_0010_side_first_step_overstride.mp4,first_step_overstride,side,6.6,0,0,0,0,1,0,yes,synthetic_v12 first_step_overstride
synth_v12_0011_side_lateral_drift.mp4,lateral_drift,side,6.6,0,0,0,0,1,0,yes,synthetic_v12 lateral_drift
synth_v12_0012_side_arms_crossing.mp4,arms_crossing,side,7.2,0,0,0,0,0,1,yes,synthetic_v12 arms_crossing
synth_v12_0013_side_head_lifts_early.mp4,head_lifts_early,side,9.0,0,0,0,0,0,0,yes,synthetic_v12 head_lifts_early
synth_v12_0014_side_bad_block_spacing.mp4,bad_block_spacing,side,6.2,0,1,1,0,0,0,yes,synthetic_v12 bad_block_spacing
synth_v12_0015_side_slow_exit.mp4,slow_exit,side,6.6,0,0,0,0,1,0,yes,synthetic_v12 slow_exit
synth_v12_0016_side_no_block_start_negative.mp4,no_block_start_negative,side,4.5,0,0,0,0,0,0,yes,synthetic_v12 no_block_start_negative
synth_v12_0017_side_standing_start_negative.mp4,standing_start_negative,side,4.5,0,0,0,0,0,0,yes,synthetic_v12 standing_start_negative
synth_v12_0018_side_partial_video.mp4,partial_video,side,4.5,0,0,0,0,0,0,yes,synthetic_v12 partial_video
synth_v12_0019_side_occlusion_low_confidence.mp4,occlusion_low_confidence,side,4.5,0,0,0,0,0,0,yes,synthetic_v12 occlusion_low_confidence
synth_v12_0020_side_left_good.mp4,good,side_left,9.0,0,0,0,0,0,0,yes,synthetic_v12 good
synth_v12_0021_side_left_body_rises_early.mp4,body_rises_early,side_left,6.5,1,0,0,0,0,0,yes,synthetic_v12 body_rises_early
synth_v12_0022_side_left_body_too_low_drive.mp4,body_too_low_drive,side_left,9.0,0,0,0,0,0,0,yes,synthetic_v12 body_too_low_drive
synth_v12_0023_side_left_hip_low.mp4,hip_low,side_left,6.5,0,0,0,1,0,0,yes,synthetic_v12 hip_low
synth_v12_0024_side_left_hip_high.mp4,hip_high,side_left,6.5,0,0,0,1,0,0,yes,synthetic_v12 hip_high
synth_v12_0025_side_left_front_knee_too_closed.mp4,front_knee_too_closed,side_left,6.2,0,1,0,0,0,0,yes,synthetic_v12 front_knee_too_closed
synth_v12_0026_side_left_front_knee_too_open.mp4,front_knee_too_open,side_left,6.2,0,1,0,0,0,0,yes,synthetic_v12 front_knee_too_open
synth_v12_0027_side_left_rear_knee_too_closed.mp4,rear_knee_too_closed,side_left,6.2,0,0,1,0,0,0,yes,synthetic_v12 rear_knee_too_closed
synth_v12_0028_side_left_rear_knee_too_open.mp4,rear_knee_too_open,side_left,6.2,0,0,1,0,0,0,yes,synthetic_v12 rear_knee_too_open
synth_v12_0029_side_left_first_step_too_short.mp4,first_step_too_short,side_left,6.6,0,0,0,0,1,0,yes,synthetic_v12 first_step_too_short
synth_v12_0030_side_left_first_step_overstride.mp4,first_step_overstride,side_left,6.6,0,0,0,0,1,0,yes,synthetic_v12 first_step_overstride
synth_v12_0031_side_left_lateral_drift.mp4,lateral_drift,side_left,6.6,0,0,0,0,1,0,yes,synthetic_v12 lateral_drift
synth_v12_0032_side_left_arms_crossing.mp4,arms_crossing,side_left,7.2,0,0,0,0,0,1,yes,synthetic_v12 arms_crossing
synth_v12_0033_side_left_head_lifts_early.mp4,head_lifts_early,side_left,9.0,0,0,0,0,0,0,yes,synthetic_v12 head_lifts_early
synth_v12_0034_side_left_bad_block_spacing.mp4,bad_block_spacing,side_left,6.2,0,1,1,0,0,0,yes,synthetic_v12 bad_block_spacing
synth_v12_0035_side_left_slow_exit.mp4,slow_exit,side_left,6.6,0,0,0,0,1,0,yes,synthetic_v12 slow_exit
synth_v12_0036_side_left_no_block_start_negative.mp4,no_block_start_negative,side_left,4.5,0,0,0,0,0,0,yes,synthetic_v12 no_block_start_negative
synth_v12_0037_side_left_standing_start_negative.mp4,standing_start_negative,side_left,4.5,0,0,0,0,0,0,yes,synthetic_v12 standing_start_negative
synth_v12_0038_side_left_partial_video.mp4,partial_video,side_left,4.5,0,0,0,0,0,0,yes,synthetic_v12 partial_video
synth_v12_0039_side_left_occlusion_low_confidence.mp4,occlusion_low_confidence,side_left,4.5,0,0,0,0,0,0,yes,synthetic_v12 occlusion_low_confidence
synth_v12_0040_oblique_good.mp4,good,oblique,9.0,0,0,0,0,0,0,yes,synthetic_v12 good
synth_v12_0041_oblique_body_rises_early.mp4,body_rises_early,oblique,6.5,1,0,0,0,0,0,yes,synthetic_v12 body_rises_early
synth_v12_0042_oblique_body_too_low_drive.mp4,body_too_low_drive,oblique,9.0,0,0,0,0,0,0,yes,synthetic_v12 body_too_low_drive
synth_v12_0043_oblique_hip_low.mp4,hip_low,oblique,6.5,0,0,0,1,0,0,yes,synthetic_v12 hip_low
synth_v12_0044_oblique_hip_high.mp4,hip_high,oblique,6.5,0,0,0,1,0,0,yes,synthetic_v12 hip_high
synth_v12_0045_oblique_front_knee_too_closed.mp4,front_knee_too_closed,oblique,6.2,0,1,0,0,0,0,yes,synthetic_v12 front_knee_too_closed
synth_v12_0046_oblique_front_knee_too_open.mp4,front_knee_too_open,oblique,6.2,0,1,0,0,0,0,yes,synthetic_v12 front_knee_too_open
synth_v12_0047_oblique_rear_knee_too_closed.mp4,rear_knee_too_closed,oblique,6.2,0,0,1,0,0,0,yes,synthetic_v12 rear_knee_too_closed
synth_v12_0048_oblique_rear_knee_too_open.mp4,rear_knee_too_open,oblique,6.2,0,0,1,0,0,0,yes,synthetic_v12 rear_knee_too_open
synth_v12_0049_oblique_first_step_too_short.mp4,first_step_too_short,oblique,6.6,0,0,0,0,1,0,yes,synthetic_v12 first_step_too_short
synth_v12_0050_oblique_first_step_overstride.mp4,first_step_overstride,oblique,6.6,0,0,0,0,1,0,yes,synthetic_v12 first_step_overstride
synth_v12_0051_oblique_lateral_drift.mp4,lateral_drift,oblique,6.6,0,0,0,0,1,0,yes,synthetic_v12 lateral_drift
synth_v12_0052_oblique_arms_crossing.mp4,arms_crossing,oblique,7.2,0,0,0,0,0,1,yes,synthetic_v12 arms_crossing
synth_v12_0053_oblique_head_lifts_early.mp4,head_lifts_early,oblique,9.0,0,0,0,0,0,0,yes,synthetic_v12 head_lifts_early
synth_v12_0054_oblique_bad_block_spacing.mp4,bad_block_spacing,oblique,6.2,0,1,1,0,0,0,yes,synthetic_v12 bad_block_spacing
synth_v12_0055_oblique_slow_exit.mp4,slow_exit,oblique,6.6,0,0,0,0,1,0,yes,synthetic_v12 slow_exit
synth_v12_0056_oblique_no_block_start_negative.mp4,no_block_start_negative,oblique,4.5,0,0,0,0,0,0,yes,synthetic_v12 no_block_start_negative
synth_v12_0057_oblique_standing_start_negative.mp4,standing_start_negative,oblique,4.5,0,0,0,0,0,0,yes,synthetic_v12 standing_start_negative
synth_v12_0058_oblique_partial_video.mp4,partial_video,oblique,4.5,0,0,0,0,0,0,yes,synthetic_v12 partial_video
synth_v12_0059_oblique_occlusion_low_confidence.mp4,occlusion_low_confidence,oblique,4.5,0,0,0,0,0,0,yes,synthetic_v12 occlusion_low_confidence
synth_v12_0060_front_good.mp4,good,front,9.0,0,0,0,0,0,0,yes,synthetic_v12 good
synth_v12_0061_front_body_rises_early.mp4,body_rises_early,front,6.5,1,0,0,0,0,0,yes,synthetic_v12 body_rises_early
synth_v12_0062_front_body_too_low_drive.mp4,body_too_low_drive,front,9.0,0,0,0,0,0,0,yes,synthetic_v12 body_too_low_drive
synth_v12_0063_front_hip_low.mp4,hip_low,front,6.5,0,0,0,1,0,0,yes,synthetic_v12 hip_low
synth_v12_0064_front_hip_high.mp4,hip_high,front,6.5,0,0,0,1,0,0,yes,synthetic_v12 hip_high
synth_v12_0065_front_front_knee_too_closed.mp4,front_knee_too_closed,front,6.2,0,1,0,0,0,0,yes,synthetic_v12 front_knee_too_closed
synth_v12_0066_front_front_knee_too_open.mp4,front_knee_too_open,front,6.2,0,1,0,0,0,0,yes,synthetic_v12 front_knee_too_open
synth_v12_0067_front_rear_knee_too_closed.mp4,rear_knee_too_closed,front,6.2,0,0,1,0,0,0,yes,synthetic_v12 rear_knee_too_closed
synth_v12_0068_front_rear_knee_too_open.mp4,rear_knee_too_open,front,6.2,0,0,1,0,0,0,yes,synthetic_v12 rear_knee_too_open
synth_v12_0069_front_first_step_too_short.mp4,first_step_too_short,front,6.6,0,0,0,0,1,0,yes,synthetic_v12 first_step_too_short
synth_v12_0070_front_first_step_overstride.mp4,first_step_overstride,front,6.6,0,0,0,0,1,0,yes,synthetic_v12 first_step_overstride
synth_v12_0071_front_lateral_drift.mp4,lateral_drift,front,6.6,0,0,0,0,1,0,yes,synthetic_v12 lateral_drift
synth_v12_0072_front_arms_crossing.mp4,arms_crossing,front,7.2,0,0,0,0,0,1,yes,synthetic_v12 arms_crossing
synth_v12_0073_front_head_lifts_early.mp4,head_lifts_early,front,9.0,0,0,0,0,0,0,yes,synthetic_v12 head_lifts_early
synth_v12_0074_front_bad_block_spacing.mp4,bad_block_spacing,front,6.2,0,1,1,0,0,0,yes,synthetic_v12 bad_block_spacing
synth_v12_0075_front_slow_exit.mp4,slow_exit,front,6.6,0,0,0,0,1,0,yes,synthetic_v12 slow_exit
synth_v12_0076_front_no_block_start_negative.mp4,no_block_start_negative,front,4.5,0,0,0,0,0,0,yes,synthetic_v12 no_block_start_negative
synth_v12_0077_front_standing_start_negative.mp4,standing_start_negative,front,4.5,0,0,0,0,0,0,yes,synthetic_v12 standing_start_negative
synth_v12_0078_front_partial_video.mp4,partial_video,front,4.5,0,0,0,0,0,0,yes,synthetic_v12 partial_video
synth_v12_0079_front_occlusion_low_confidence.mp4,occlusion_low_confidence,front,4.5,0,0,0,0,0,0,yes,synthetic_v12 occlusion_low_confidence
synth_v12_0080_back_good.mp4,good,back,9.0,0,0,0,0,0,0,yes,synthetic_v12 good
synth_v12_0081_back_body_rises_early.mp4,body_rises_early,back,6.5,1,0,0,0,0,0,yes,synthetic_v12 body_rises_early
synth_v12_0082_back_body_too_low_drive.mp4,body_too_low_drive,back,9.0,0,0,0,0,0,0,yes,synthetic_v12 body_too_low_drive
synth_v12_0083_back_hip_low.mp4,hip_low,back,6.5,0,0,0,1,0,0,yes,synthetic_v12 hip_low
synth_v12_0084_back_hip_high.mp4,hip_high,back,6.5,0,0,0,1,0,0,yes,synthetic_v12 hip_high
synth_v12_0085_back_front_knee_too_closed.mp4,front_knee_too_closed,back,6.2,0,1,0,0,0,0,yes,synthetic_v12 front_knee_too_closed
synth_v12_0086_back_front_knee_too_open.mp4,front_knee_too_open,back,6.2,0,1,0,0,0,0,yes,synthetic_v12 front_knee_too_open
synth_v12_0087_back_rear_knee_too_closed.mp4,rear_knee_too_closed,back,6.2,0,0,1,0,0,0,yes,synthetic_v12 rear_knee_too_closed
synth_v12_0088_back_rear_knee_too_open.mp4,rear_knee_too_open,back,6.2,0,0,1,0,0,0,yes,synthetic_v12 rear_knee_too_open
synth_v12_0089_back_first_step_too_short.mp4,first_step_too_short,back,6.6,0,0,0,0,1,0,yes,synthetic_v12 first_step_too_short
synth_v12_0090_back_first_step_overstride.mp4,first_step_overstride,back,6.6,0,0,0,0,1,0,yes,synthetic_v12 first_step_overstride
synth_v12_0091_back_lateral_drift.mp4,lateral_drift,back,6.6,0,0,0,0,1,0,yes,synthetic_v12 lateral_drift
synth_v12_0092_back_arms_crossing.mp4,arms_crossing,back,7.2,0,0,0,0,0,1,yes,synthetic_v12 arms_crossing
synth_v12_0093_back_head_lifts_early.mp4,head_lifts_early,back,9.0,0,0,0,0,0,0,yes,synthetic_v12 head_lifts_early
synth_v12_0094_back_bad_block_spacing.mp4,bad_block_spacing,back,6.2,0,1,1,0,0,0,yes,synthetic_v12 bad_block_spacing
synth_v12_0095_back_slow_exit.mp4,slow_exit,back,6.6,0,0,0,0,1,0,yes,synthetic_v12 slow_exit
synth_v12_0096_back_no_block_start_negative.mp4,no_block_start_negative,back,4.5,0,0,0,0,0,0,yes,synthetic_v12 no_block_start_negative
synth_v12_0097_back_standing_start_negative.mp4,standing_start_negative,back,4.5,0,0,0,0,0,0,yes,synthetic_v12 standing_start_negative
synth_v12_0098_back_partial_video.mp4,partial_video,back,4.5,0,0,0,0,0,0,yes,synthetic_v12 partial_video
synth_v12_0099_back_occlusion_low_confidence.mp4,occlusion_low_confidence,back,4.5,0,0,0,0,0,0,yes,synthetic_v12 occlusion_low_confidence
synth_v12_0100_unknown_good.mp4,good,unknown,9.0,0,0,0,0,0,0,yes,synthetic_v12 good
synth_v12_0101_unknown_body_rises_early.mp4,body_rises_early,unknown,6.5,1,0,0,0,0,0,yes,synthetic_v12 body_rises_early
synth_v12_0102_unknown_body_too_low_drive.mp4,body_too_low_drive,unknown,9.0,0,0,0,0,0,0,yes,synthetic_v12 body_too_low_drive
synth_v12_0103_unknown_hip_low.mp4,hip_low,unknown,6.5,0,0,0,1,0,0,yes,synthetic_v12 hip_low
synth_v12_0104_unknown_hip_high.mp4,hip_high,unknown,6.5,0,0,0,1,0,0,yes,synthetic_v12 hip_high
synth_v12_0105_unknown_front_knee_too_closed.mp4,front_knee_too_closed,unknown,6.2,0,1,0,0,0,0,yes,synthetic_v12 front_knee_too_closed
synth_v12_0106_unknown_front_knee_too_open.mp4,front_knee_too_open,unknown,6.2,0,1,0,0,0,0,yes,synthetic_v12 front_knee_too_open
synth_v12_0107_unknown_rear_knee_too_closed.mp4,rear_knee_too_closed,unknown,6.2,0,0,1,0,0,0,yes,synthetic_v12 rear_knee_too_closed
synth_v12_0108_unknown_rear_knee_too_open.mp4,rear_knee_too_open,unknown,6.2,0,0,1,0,0,0,yes,synthetic_v12 rear_knee_too_open
synth_v12_0109_unknown_first_step_too_short.mp4,first_step_too_short,unknown,6.6,0,0,0,0,1,0,yes,synthetic_v12 first_step_too_short
synth_v12_0110_unknown_first_step_overstride.mp4,first_step_overstride,unknown,6.6,0,0,0,0,1,0,yes,synthetic_v12 first_step_overstride
synth_v12_0111_unknown_lateral_drift.mp4,lateral_drift,unknown,6.6,0,0,0,0,1,0,yes,synthetic_v12 lateral_drift
synth_v12_0112_unknown_arms_crossing.mp4,arms_crossing,unknown,7.2,0,0,0,0,0,1,yes,synthetic_v12 arms_crossing
synth_v12_0113_unknown_head_lifts_early.mp4,head_lifts_early,unknown,9.0,0,0,0,0,0,0,yes,synthetic_v12 head_lifts_early
synth_v12_0114_unknown_bad_block_spacing.mp4,bad_block_spacing,unknown,6.2,0,1,1,0,0,0,yes,synthetic_v12 bad_block_spacing
synth_v12_0115_unknown_slow_exit.mp4,slow_exit,unknown,6.6,0,0,0,0,1,0,yes,synthetic_v12 slow_exit
synth_v12_0116_unknown_no_block_start_negative.mp4,no_block_start_negative,unknown,4.5,0,0,0,0,0,0,yes,synthetic_v12 no_block_start_negative
synth_v12_0117_unknown_standing_start_negative.mp4,standing_start_negative,unknown,4.5,0,0,0,0,0,0,yes,synthetic_v12 standing_start_negative
synth_v12_0118_unknown_partial_video.mp4,partial_video,unknown,4.5,0,0,0,0,0,0,yes,synthetic_v12 partial_video
synth_v12_0119_unknown_occlusion_low_confidence.mp4,occlusion_low_confidence,unknown,4.5,0,0,0,0,0,0,yes,synthetic_v12 occlusion_low_confidence
synth_v12_0120_back_bad_block_spacing.mp4,bad_block_spacing,back,6.2,0,1,1,0,0,0,yes,synthetic_v12 bad_block_spacing
synth_v12_0121_oblique_no_block_start_negative.mp4,no_block_start_negative,oblique,4.5,0,0,0,0,0,0,yes,synthetic_v12 no_block_start_negative
synth_v12_0122_oblique_rear_knee_too_closed.mp4,rear_knee_too_closed,oblique,6.2,0,0,1,0,0,0,yes,synthetic_v12 rear_knee_too_closed
synth_v12_0123_oblique_rear_knee_too_closed.mp4,rear_knee_too_closed,oblique,6.2,0,0,1,0,0,0,yes,synthetic_v12 rear_knee_too_closed
synth_v12_0124_side_left_slow_exit.mp4,slow_exit,side_left,6.6,0,0,0,0,1,0,yes,synthetic_v12 slow_exit
synth_v12_0125_back_first_step_too_short.mp4,first_step_too_short,back,6.6,0,0,0,0,1,0,yes,synthetic_v12 first_step_too_short
synth_v12_0126_side_body_too_low_drive.mp4,body_too_low_drive,side,9.0,0,0,0,0,0,0,yes,synthetic_v12 body_too_low_drive
synth_v12_0127_oblique_arms_crossing.mp4,arms_crossing,oblique,7.2,0,0,0,0,0,1,yes,synthetic_v12 arms_crossing
synth_v12_0128_front_hip_low.mp4,hip_low,front,6.5,0,0,0,1,0,0,yes,synthetic_v12 hip_low
synth_v12_0129_unknown_rear_knee_too_open.mp4,rear_knee_too_open,unknown,6.2,0,0,1,0,0,0,yes,synthetic_v12 rear_knee_too_open
synth_v12_0130_front_no_block_start_negative.mp4,no_block_start_negative,front,4.5,0,0,0,0,0,0,yes,synthetic_v12 no_block_start_negative
synth_v12_0131_front_occlusion_low_confidence.mp4,occlusion_low_confidence,front,4.5,0,0,0,0,0,0,yes,synthetic_v12 occlusion_low_confidence
synth_v12_0132_unknown_body_rises_early.mp4,body_rises_early,unknown,6.5,1,0,0,0,0,0,yes,synthetic_v12 body_rises_early
synth_v12_0133_oblique_standing_start_negative.mp4,standing_start_negative,oblique,4.5,0,0,0,0,0,0,yes,synthetic_v12 standing_start_negative
synth_v12_0134_front_rear_knee_too_closed.mp4,rear_knee_too_closed,front,6.2,0,0,1,0,0,0,yes,synthetic_v12 rear_knee_too_closed
synth_v12_0135_back_bad_block_spacing.mp4,bad_block_spacing,back,6.2,0,1,1,0,0,0,yes,synthetic_v12 bad_block_spacing
synth_v12_0136_side_left_body_too_low_drive.mp4,body_too_low_drive,side_left,9.0,0,0,0,0,0,0,yes,synthetic_v12 body_too_low_drive
synth_v12_0137_unknown_hip_low.mp4,hip_low,unknown,6.5,0,0,0,1,0,0,yes,synthetic_v12 hip_low
synth_v12_0138_side_partial_video.mp4,partial_video,side,4.5,0,0,0,0,0,0,yes,synthetic_v12 partial_video
synth_v12_0139_oblique_hip_low.mp4,hip_low,oblique,6.5,0,0,0,1,0,0,yes,synthetic_v12 hip_low
synth_v12_0140_unknown_lateral_drift.mp4,lateral_drift,unknown,6.6,0,0,0,0,1,0,yes,synthetic_v12 lateral_drift
synth_v12_0141_side_left_standing_start_negative.mp4,standing_start_negative,side_left,4.5,0,0,0,0,0,0,yes,synthetic_v12 standing_start_negative
synth_v12_0142_unknown_rear_knee_too_open.mp4,rear_knee_too_open,unknown,6.2,0,0,1,0,0,0,yes,synthetic_v12 rear_knee_too_open
synth_v12_0143_front_first_step_too_short.mp4,first_step_too_short,front,6.6,0,0,0,0,1,0,yes,synthetic_v12 first_step_too_short
synth_v12_0144_side_no_block_start_negative.mp4,no_block_start_negative,side,4.5,0,0,0,0,0,0,yes,synthetic_v12 no_block_start_negative
synth_v12_0145_back_front_knee_too_open.mp4,front_knee_too_open,back,6.2,0,1,0,0,0,0,yes,synthetic_v12 front_knee_too_open
synth_v12_0146_oblique_rear_knee_too_closed.mp4,rear_knee_too_closed,oblique,6.2,0,0,1,0,0,0,yes,synthetic_v12 rear_knee_too_closed
synth_v12_0147_side_left_hip_high.mp4,hip_high,side_left,6.5,0,0,0,1,0,0,yes,synthetic_v12 hip_high
synth_v12_0148_back_body_rises_early.mp4,body_rises_early,back,6.5,1,0,0,0,0,0,yes,synthetic_v12 body_rises_early
synth_v12_0149_side_left_good.mp4,good,side_left,9.0,0,0,0,0,0,0,yes,synthetic_v12 good
synth_v12_0150_side_body_too_low_drive.mp4,body_too_low_drive,side,9.0,0,0,0,0,0,0,yes,synthetic_v12 body_too_low_drive
synth_v12_0151_unknown_body_rises_early.mp4,body_rises_early,unknown,6.5,1,0,0,0,0,0,yes,synthetic_v12 body_rises_early
synth_v12_0152_oblique_head_lifts_early.mp4,head_lifts_early,oblique,9.0,0,0,0,0,0,0,yes,synthetic_v12 head_lifts_early
synth_v12_0153_side_left_arms_crossing.mp4,arms_crossing,side_left,7.2,0,0,0,0,0,1,yes,synthetic_v12 arms_crossing
synth_v12_0154_side_left_first_step_overstride.mp4,first_step_overstride,side_left,6.6,0,0,0,0,1,0,yes,synthetic_v12 first_step_overstride
synth_v12_0155_unknown_front_knee_too_open.mp4,front_knee_too_open,unknown,6.2,0,1,0,0,0,0,yes,synthetic_v12 front_knee_too_open
synth_v12_0156_front_good.mp4,good,front,9.0,0,0,0,0,0,0,yes,synthetic_v12 good
synth_v12_0157_side_left_first_step_overstride.mp4,first_step_overstride,side_left,6.6,0,0,0,0,1,0,yes,synthetic_v12 first_step_overstride
synth_v12_0158_side_left_body_too_low_drive.mp4,body_too_low_drive,side_left,9.0,0,0,0,0,0,0,yes,synthetic_v12 body_too_low_drive
synth_v12_0159_back_body_too_low_drive.mp4,body_too_low_drive,back,9.0,0,0,0,0,0,0,yes,synthetic_v12 body_too_low_drive
synth_v12_0160_side_left_head_lifts_early.mp4,head_lifts_early,side_left,9.0,0,0,0,0,0,0,yes,synthetic_v12 head_lifts_early
synth_v12_0161_side_body_rises_early.mp4,body_rises_early,side,6.5,1,0,0,0,0,0,yes,synthetic_v12 body_rises_early
synth_v12_0162_side_left_first_step_overstride.mp4,first_step_overstride,side_left,6.6,0,0,0,0,1,0,yes,synthetic_v12 first_step_overstride
synth_v12_0163_side_head_lifts_early.mp4,head_lifts_early,side,9.0,0,0,0,0,0,0,yes,synthetic_v12 head_lifts_early
synth_v12_0164_side_lateral_drift.mp4,lateral_drift,side,6.6,0,0,0,0,1,0,yes,synthetic_v12 lateral_drift
synth_v12_0165_back_rear_knee_too_closed.mp4,rear_knee_too_closed,back,6.2,0,0,1,0,0,0,yes,synthetic_v12 rear_knee_too_closed
synth_v12_0166_side_arms_crossing.mp4,arms_crossing,side,7.2,0,0,0,0,0,1,yes,synthetic_v12 arms_crossing
synth_v12_0167_unknown_hip_low.mp4,hip_low,unknown,6.5,0,0,0,1,0,0,yes,synthetic_v12 hip_low
synth_v12_0168_unknown_head_lifts_early.mp4,head_lifts_early,unknown,9.0,0,0,0,0,0,0,yes,synthetic_v12 head_lifts_early
synth_v12_0169_side_head_lifts_early.mp4,head_lifts_early,side,9.0,0,0,0,0,0,0,yes,synthetic_v12 head_lifts_early
synth_v12_0170_oblique_slow_exit.mp4,slow_exit,oblique,6.6,0,0,0,0,1,0,yes,synthetic_v12 slow_exit
synth_v12_0171_front_body_rises_early.mp4,body_rises_early,front,6.5,1,0,0,0,0,0,yes,synthetic_v12 body_rises_early
synth_v12_0172_side_no_block_start_negative.mp4,no_block_start_negative,side,4.5,0,0,0,0,0,0,yes,synthetic_v12 no_block_start_negative
synth_v12_0173_side_left_no_block_start_negative.mp4,no_block_start_negative,side_left,4.5,0,0,0,0,0,0,yes,synthetic_v12 no_block_start_negative
synth_v12_0174_side_left_rear_knee_too_open.mp4,rear_knee_too_open,side_left,6.2,0,0,1,0,0,0,yes,synthetic_v12 rear_knee_too_open
synth_v12_0175_oblique_front_knee_too_open.mp4,front_knee_too_open,oblique,6.2,0,1,0,0,0,0,yes,synthetic_v12 front_knee_too_open
synth_v12_0176_side_occlusion_low_confidence.mp4,occlusion_low_confidence,side,4.5,0,0,0,0,0,0,yes,synthetic_v12 occlusion_low_confidence
synth_v12_0177_front_standing_start_negative.mp4,standing_start_negative,front,4.5,0,0,0,0,0,0,yes,synthetic_v12 standing_start_negative
synth_v12_0178_front_rear_knee_too_closed.mp4,rear_knee_too_closed,front,6.2,0,0,1,0,0,0,yes,synthetic_v12 rear_knee_too_closed
synth_v12_0179_oblique_no_block_start_negative.mp4,no_block_start_negative,oblique,4.5,0,0,0,0,0,0,yes,synthetic_v12 no_block_start_negative
synth_v12_0180_oblique_rear_knee_too_open.mp4,rear_knee_too_open,oblique,6.2,0,0,1,0,0,0,yes,synthetic_v12 rear_knee_too_open
synth_v12_0181_side_left_arms_crossing.mp4,arms_crossing,side_left,7.2,0,0,0,0,0,1,yes,synthetic_v12 arms_crossing
synth_v12_0182_unknown_head_lifts_early.mp4,head_lifts_early,unknown,9.0,0,0,0,0,0,0,yes,synthetic_v12 head_lifts_early
synth_v12_0183_oblique_no_block_start_negative.mp4,no_block_start_negative,oblique,4.5,0,0,0,0,0,0,yes,synthetic_v12 no_block_start_negative
synth_v12_0184_side_left_good.mp4,good,side_left,9.0,0,0,0,0,0,0,yes,synthetic_v12 good
synth_v12_0185_side_left_partial_video.mp4,partial_video,side_left,4.5,0,0,0,0,0,0,yes,synthetic_v12 partial_video
synth_v12_0186_side_occlusion_low_confidence.mp4,occlusion_low_confidence,side,4.5,0,0,0,0,0,0,yes,synthetic_v12 occlusion_low_confidence
synth_v12_0187_front_occlusion_low_confidence.mp4,occlusion_low_confidence,front,4.5,0,0,0,0,0,0,yes,synthetic_v12 occlusion_low_confidence
synth_v12_0188_back_first_step_overstride.mp4,first_step_overstride,back,6.6,0,0,0,0,1,0,yes,synthetic_v12 first_step_overstride
synth_v12_0189_side_rear_knee_too_closed.mp4,rear_knee_too_closed,side,6.2,0,0,1,0,0,0,yes,synthetic_v12 rear_knee_too_closed
synth_v12_0190_side_first_step_too_short.mp4,first_step_too_short,side,6.6,0,0,0,0,1,0,yes,synthetic_v12 first_step_too_short
synth_v12_0191_unknown_hip_high.mp4,hip_high,unknown,6.5,0,0,0,1,0,0,yes,synthetic_v12 hip_high
synth_v12_0192_front_arms_crossing.mp4,arms_crossing,front,7.2,0,0,0,0,0,1,yes,synthetic_v12 arms_crossing
synth_v12_0193_front_no_block_start_negative.mp4,no_block_start_negative,front,4.5,0,0,0,0,0,0,yes,synthetic_v12 no_block_start_negative
synth_v12_0194_front_hip_high.mp4,hip_high,front,6.5,0,0,0,1,0,0,yes,synthetic_v12 hip_high
synth_v12_0195_oblique_standing_start_negative.mp4,standing_start_negative,oblique,4.5,0,0,0,0,0,0,yes,synthetic_v12 standing_start_negative
synth_v12_0196_side_left_no_block_start_negative.mp4,no_block_start_negative,side_left,4.5,0,0,0,0,0,0,yes,synthetic_v12 no_block_start_negative
synth_v12_0197_back_first_step_overstride.mp4,first_step_overstride,back,6.6,0,0,0,0,1,0,yes,synthetic_v12 first_step_overstride
synth_v12_0198_side_partial_video.mp4,partial_video,side,4.5,0,0,0,0,0,0,yes,synthetic_v12 partial_video
synth_v12_0199_oblique_standing_start_negative.mp4,standing_start_negative,oblique,4.5,0,0,0,0,0,0,yes,synthetic_v12 standing_start_negative
synth_v12_0200_side_first_step_overstride.mp4,first_step_overstride,side,6.6,0,0,0,0,1,0,yes,synthetic_v12 first_step_overstride
synth_v12_0201_unknown_standing_start_negative.mp4,standing_start_negative,unknown,4.5,0,0,0,0,0,0,yes,synthetic_v12 standing_start_negative
synth_v12_0202_unknown_rear_knee_too_closed.mp4,rear_knee_too_closed,unknown,6.2,0,0,1,0,0,0,yes,synthetic_v12 rear_knee_too_closed
synth_v12_0203_unknown_standing_start_negative.mp4,standing_start_negative,unknown,4.5,0,0,0,0,0,0,yes,synthetic_v12 standing_start_negative
synth_v12_0204_side_left_lateral_drift.mp4,lateral_drift,side_left,6.6,0,0,0,0,1,0,yes,synthetic_v12 lateral_drift
synth_v12_0205_oblique_body_too_low_drive.mp4,body_too_low_drive,oblique,9.0,0,0,0,0,0,0,yes,synthetic_v12 body_too_low_drive
synth_v12_0206_side_body_too_low_drive.mp4,body_too_low_drive,side,9.0,0,0,0,0,0,0,yes,synthetic_v12 body_too_low_drive
synth_v12_0207_side_first_step_overstride.mp4,first_step_overstride,side,6.6,0,0,0,0,1,0,yes,synthetic_v12 first_step_overstride
synth_v12_0208_side_left_bad_block_spacing.mp4,bad_block_spacing,side_left,6.2,0,1,1,0,0,0,yes,synthetic_v12 bad_block_spacing
synth_v12_0209_unknown_front_knee_too_closed.mp4,front_knee_too_closed,unknown,6.2,0,1,0,0,0,0,yes,synthetic_v12 front_knee_too_closed
synth_v12_0210_unknown_front_knee_too_closed.mp4,front_knee_too_closed,unknown,6.2,0,1,0,0,0,0,yes,synthetic_v12 front_knee_too_closed
synth_v12_0211_side_left_front_knee_too_open.mp4,front_knee_too_open,side_left,6.2,0,1,0,0,0,0,yes,synthetic_v12 front_knee_too_open
synth_v12_0212_side_rear_knee_too_closed.mp4,rear_knee_too_closed,side,6.2,0,0,1,0,0,0,yes,synthetic_v12 rear_knee_too_closed
synth_v12_0213_unknown_hip_low.mp4,hip_low,unknown,6.5,0,0,0,1,0,0,yes,synthetic_v12 hip_low
synth_v12_0214_unknown_body_rises_early.mp4,body_rises_early,unknown,6.5,1,0,0,0,0,0,yes,synthetic_v12 body_rises_early
synth_v12_0215_side_hip_high.mp4,hip_high,side,6.5,0,0,0,1,0,0,yes,synthetic_v12 hip_high
synth_v12_0216_front_front_knee_too_open.mp4,front_knee_too_open,front,6.2,0,1,0,0,0,0,yes,synthetic_v12 front_knee_too_open
synth_v12_0217_side_first_step_overstride.mp4,first_step_overstride,side,6.6,0,0,0,0,1,0,yes,synthetic_v12 first_step_overstride
synth_v12_0218_oblique_body_rises_early.mp4,body_rises_early,oblique,6.5,1,0,0,0,0,0,yes,synthetic_v12 body_rises_early
synth_v12_0219_back_occlusion_low_confidence.mp4,occlusion_low_confidence,back,4.5,0,0,0,0,0,0,yes,synthetic_v12 occlusion_low_confidence
synth_v12_0220_unknown_lateral_drift.mp4,lateral_drift,unknown,6.6,0,0,0,0,1,0,yes,synthetic_v12 lateral_drift
synth_v12_0221_oblique_body_rises_early.mp4,body_rises_early,oblique,6.5,1,0,0,0,0,0,yes,synthetic_v12 body_rises_early
synth_v12_0222_front_bad_block_spacing.mp4,bad_block_spacing,front,6.2,0,1,1,0,0,0,yes,synthetic_v12 bad_block_spacing
synth_v12_0223_side_left_rear_knee_too_open.mp4,rear_knee_too_open,side_left,6.2,0,0,1,0,0,0,yes,synthetic_v12 rear_knee_too_open
synth_v12_0224_back_lateral_drift.mp4,lateral_drift,back,6.6,0,0,0,0,1,0,yes,synthetic_v12 lateral_drift
synth_v12_0225_side_left_rear_knee_too_open.mp4,rear_knee_too_open,side_left,6.2,0,0,1,0,0,0,yes,synthetic_v12 rear_knee_too_open
synth_v12_0226_back_bad_block_spacing.mp4,bad_block_spacing,back,6.2,0,1,1,0,0,0,yes,synthetic_v12 bad_block_spacing
synth_v12_0227_side_occlusion_low_confidence.mp4,occlusion_low_confidence,side,4.5,0,0,0,0,0,0,yes,synthetic_v12 occlusion_low_confidence
synth_v12_0228_unknown_body_rises_early.mp4,body_rises_early,unknown,6.5,1,0,0,0,0,0,yes,synthetic_v12 body_rises_early
synth_v12_0229_back_lateral_drift.mp4,lateral_drift,back,6.6,0,0,0,0,1,0,yes,synthetic_v12 lateral_drift
synth_v12_0230_back_body_too_low_drive.mp4,body_too_low_drive,back,9.0,0,0,0,0,0,0,yes,synthetic_v12 body_too_low_drive
synth_v12_0231_back_good.mp4,good,back,9.0,0,0,0,0,0,0,yes,synthetic_v12 good
synth_v12_0232_side_left_hip_high.mp4,hip_high,side_left,6.5,0,0,0,1,0,0,yes,synthetic_v12 hip_high
synth_v12_0233_oblique_no_block_start_negative.mp4,no_block_start_negative,oblique,4.5,0,0,0,0,0,0,yes,synthetic_v12 no_block_start_negative
synth_v12_0234_side_partial_video.mp4,partial_video,side,4.5,0,0,0,0,0,0,yes,synthetic_v12 partial_video
synth_v12_0235_back_body_rises_early.mp4,body_rises_early,back,6.5,1,0,0,0,0,0,yes,synthetic_v12 body_rises_early
synth_v12_0236_unknown_standing_start_negative.mp4,standing_start_negative,unknown,4.5,0,0,0,0,0,0,yes,synthetic_v12 standing_start_negative
synth_v12_0237_front_rear_knee_too_closed.mp4,rear_knee_too_closed,front,6.2,0,0,1,0,0,0,yes,synthetic_v12 rear_knee_too_closed
synth_v12_0238_back_front_knee_too_open.mp4,front_knee_too_open,back,6.2,0,1,0,0,0,0,yes,synthetic_v12 front_knee_too_open
synth_v12_0239_front_first_step_overstride.mp4,first_step_overstride,front,6.6,0,0,0,0,1,0,yes,synthetic_v12 first_step_overstride
synth_v12_0240_side_bad_block_spacing.mp4,bad_block_spacing,side,6.2,0,1,1,0,0,0,yes,synthetic_v12 bad_block_spacing
synth_v12_0241_side_left_arms_crossing.mp4,arms_crossing,side_left,7.2,0,0,0,0,0,1,yes,synthetic_v12 arms_crossing
synth_v12_0242_front_good.mp4,good,front,9.0,0,0,0,0,0,0,yes,synthetic_v12 good
synth_v12_0243_side_good.mp4,good,side,9.0,0,0,0,0,0,0,yes,synthetic_v12 good
synth_v12_0244_side_left_arms_crossing.mp4,arms_crossing,side_left,7.2,0,0,0,0,0,1,yes,synthetic_v12 arms_crossing
synth_v12_0245_front_head_lifts_early.mp4,head_lifts_early,front,9.0,0,0,0,0,0,0,yes,synthetic_v12 head_lifts_early
synth_v12_0246_unknown_no_block_start_negative.mp4,no_block_start_negative,unknown,4.5,0,0,0,0,0,0,yes,synthetic_v12 no_block_start_negative
synth_v12_0247_back_hip_high.mp4,hip_high,back,6.5,0,0,0,1,0,0,yes,synthetic_v12 hip_high
synth_v12_0248_back_arms_crossing.mp4,arms_crossing,back,7.2,0,0,0,0,0,1,yes,synthetic_v12 arms_crossing
synth_v12_0249_side_head_lifts_early.mp4,head_lifts_early,side,9.0,0,0,0,0,0,0,yes,synthetic_v12 head_lifts_early
synth_v12_0250_unknown_slow_exit.mp4,slow_exit,unknown,6.6,0,0,0,0,1,0,yes,synthetic_v12 slow_exit
synth_v12_0251_oblique_front_knee_too_closed.mp4,front_knee_too_closed,oblique,6.2,0,1,0,0,0,0,yes,synthetic_v12 front_knee_too_closed
synth_v12_0252_side_arms_crossing.mp4,arms_crossing,side,7.2,0,0,0,0,0,1,yes,synthetic_v12 arms_crossing
synth_v12_0253_oblique_no_block_start_negative.mp4,no_block_start_negative,oblique,4.5,0,0,0,0,0,0,yes,synthetic_v12 no_block_start_negative
synth_v12_0254_front_hip_low.mp4,hip_low,front,6.5,0,0,0,1,0,0,yes,synthetic_v12 hip_low
synth_v12_0255_side_hip_high.mp4,hip_high,side,6.5,0,0,0,1,0,0,yes,synthetic_v12 hip_high
synth_v12_0256_oblique_first_step_overstride.mp4,first_step_overstride,oblique,6.6,0,0,0,0,1,0,yes,synthetic_v12 first_step_overstride
synth_v12_0257_back_rear_knee_too_open.mp4,rear_knee_too_open,back,6.2,0,0,1,0,0,0,yes,synthetic_v12 rear_knee_too_open
synth_v12_0258_front_partial_video.mp4,partial_video,front,4.5,0,0,0,0,0,0,yes,synthetic_v12 partial_video
synth_v12_0259_side_first_step_overstride.mp4,first_step_overstride,side,6.6,0,0,0,0,1,0,yes,synthetic_v12 first_step_overstride
synth_v12_0260_unknown_slow_exit.mp4,slow_exit,unknown,6.6,0,0,0,0,1,0,yes,synthetic_v12 slow_exit
synth_v12_0261_side_body_rises_early.mp4,body_rises_early,side,6.5,1,0,0,0,0,0,yes,synthetic_v12 body_rises_early
synth_v12_0262_oblique_standing_start_negative.mp4,standing_start_negative,oblique,4.5,0,0,0,0,0,0,yes,synthetic_v12 standing_start_negative
synth_v12_0263_side_left_first_step_too_short.mp4,first_step_too_short,side_left,6.6,0,0,0,0,1,0,yes,synthetic_v12 first_step_too_short
synth_v12_0264_oblique_first_step_too_short.mp4,first_step_too_short,oblique,6.6,0,0,0,0,1,0,yes,synthetic_v12 first_step_too_short
synth_v12_0265_oblique_standing_start_negative.mp4,standing_start_negative,oblique,4.5,0,0,0,0,0,0,yes,synthetic_v12 standing_start_negative
synth_v12_0266_front_hip_low.mp4,hip_low,front,6.5,0,0,0,1,0,0,yes,synthetic_v12 hip_low
synth_v12_0267_side_left_lateral_drift.mp4,lateral_drift,side_left,6.6,0,0,0,0,1,0,yes,synthetic_v12 lateral_drift
synth_v12_0268_side_left_good.mp4,good,side_left,9.0,0,0,0,0,0,0,yes,synthetic_v12 good
synth_v12_0269_front_first_step_too_short.mp4,first_step_too_short,front,6.6,0,0,0,0,1,0,yes,synthetic_v12 first_step_too_short
synth_v12_0270_back_standing_start_negative.mp4,standing_start_negative,back,4.5,0,0,0,0,0,0,yes,synthetic_v12 standing_start_negative
synth_v12_0271_side_left_partial_video.mp4,partial_video,side_left,4.5,0,0,0,0,0,0,yes,synthetic_v12 partial_video
synth_v12_0272_side_left_head_lifts_early.mp4,head_lifts_early,side_left,9.0,0,0,0,0,0,0,yes,synthetic_v12 head_lifts_early
synth_v12_0273_side_left_body_too_low_drive.mp4,body_too_low_drive,side_left,9.0,0,0,0,0,0,0,yes,synthetic_v12 body_too_low_drive
synth_v12_0274_oblique_occlusion_low_confidence.mp4,occlusion_low_confidence,oblique,4.5,0,0,0,0,0,0,yes,synthetic_v12 occlusion_low_confidence
synth_v12_0275_front_lateral_drift.mp4,lateral_drift,front,6.6,0,0,0,0,1,0,yes,synthetic_v12 lateral_drift
synth_v12_0276_unknown_lateral_drift.mp4,lateral_drift,unknown,6.6,0,0,0,0,1,0,yes,synthetic_v12 lateral_drift
synth_v12_0277_unknown_first_step_too_short.mp4,first_step_too_short,unknown,6.6,0,0,0,0,1,0,yes,synthetic_v12 first_step_too_short
synth_v12_0278_back_front_knee_too_open.mp4,front_knee_too_open,back,6.2,0,1,0,0,0,0,yes,synthetic_v12 front_knee_too_open
synth_v12_0279_back_front_knee_too_open.mp4,front_knee_too_open,back,6.2,0,1,0,0,0,0,yes,synthetic_v12 front_knee_too_open
synth_v12_0280_front_lateral_drift.mp4,lateral_drift,front,6.6,0,0,0,0,1,0,yes,synthetic_v12 lateral_drift
synth_v12_0281_side_left_occlusion_low_confidence.mp4,occlusion_low_confidence,side_left,4.5,0,0,0,0,0,0,yes,synthetic_v12 occlusion_low_confidence
synth_v12_0282_unknown_no_block_start_negative.mp4,no_block_start_negative,unknown,4.5,0,0,0,0,0,0,yes,synthetic_v12 no_block_start_negative
synth_v12_0283_oblique_hip_high.mp4,hip_high,oblique,6.5,0,0,0,1,0,0,yes,synthetic_v12 hip_high
synth_v12_0284_side_left_slow_exit.mp4,slow_exit,side_left,6.6,0,0,0,0,1,0,yes,synthetic_v12 slow_exit
synth_v12_0285_side_no_block_start_negative.mp4,no_block_start_negative,side,4.5,0,0,0,0,0,0,yes,synthetic_v12 no_block_start_negative
synth_v12_0286_oblique_hip_low.mp4,hip_low,oblique,6.5,0,0,0,1,0,0,yes,synthetic_v12 hip_low
synth_v12_0287_side_standing_start_negative.mp4,standing_start_negative,side,4.5,0,0,0,0,0,0,yes,synthetic_v12 standing_start_negative
synth_v12_0288_side_left_arms_crossing.mp4,arms_crossing,side_left,7.2,0,0,0,0,0,1,yes,synthetic_v12 arms_crossing
synth_v12_0289_unknown_first_step_too_short.mp4,first_step_too_short,unknown,6.6,0,0,0,0,1,0,yes,synthetic_v12 first_step_too_short
synth_v12_0290_oblique_standing_start_negative.mp4,standing_start_negative,oblique,4.5,0,0,0,0,0,0,yes,synthetic_v12 standing_start_negative
synth_v12_0291_side_left_no_block_start_negative.mp4,no_block_start_negative,side_left,4.5,0,0,0,0,0,0,yes,synthetic_v12 no_block_start_negative
synth_v12_0292_side_slow_exit.mp4,slow_exit,side,6.6,0,0,0,0,1,0,yes,synthetic_v12 slow_exit
synth_v12_0293_oblique_first_step_overstride.mp4,first_step_overstride,oblique,6.6,0,0,0,0,1,0,yes,synthetic_v12 first_step_overstride
synth_v12_0294_unknown_partial_video.mp4,partial_video,unknown,4.5,0,0,0,0,0,0,yes,synthetic_v12 partial_video
synth_v12_0295_front_first_step_overstride.mp4,first_step_overstride,front,6.6,0,0,0,0,1,0,yes,synthetic_v12 first_step_overstride
synth_v12_0296_oblique_front_knee_too_closed.mp4,front_knee_too_closed,oblique,6.2,0,1,0,0,0,0,yes,synthetic_v12 front_knee_too_closed
synth_v12_0297_side_rear_knee_too_open.mp4,rear_knee_too_open,side,6.2,0,0,1,0,0,0,yes,synthetic_v12 rear_knee_too_open
synth_v12_0298_front_hip_high.mp4,hip_high,front,6.5,0,0,0,1,0,0,yes,synthetic_v12 hip_high
synth_v12_0299_front_hip_high.mp4,hip_high,front,6.5,0,0,0,1,0,0,yes,synthetic_v12 hip_high
synth_v12_0300_side_left_first_step_too_short.mp4,first_step_too_short,side_left,6.6,0,0,0,0,1,0,yes,synthetic_v12 first_step_too_short
synth_v12_0301_back_first_step_overstride.mp4,first_step_overstride,back,6.6,0,0,0,0,1,0,yes,synthetic_v12 first_step_overstride
synth_v12_0302_oblique_good.mp4,good,oblique,9.0,0,0,0,0,0,0,yes,synthetic_v12 good
synth_v12_0303_back_first_step_overstride.mp4,first_step_overstride,back,6.6,0,0,0,0,1,0,yes,synthetic_v12 first_step_overstride
synth_v12_0304_side_occlusion_low_confidence.mp4,occlusion_low_confidence,side,4.5,0,0,0,0,0,0,yes,synthetic_v12 occlusion_low_confidence
synth_v12_0305_side_left_standing_start_negative.mp4,standing_start_negative,side_left,4.5,0,0,0,0,0,0,yes,synthetic_v12 standing_start_negative
synth_v12_0306_oblique_partial_video.mp4,partial_video,oblique,4.5,0,0,0,0,0,0,yes,synthetic_v12 partial_video
synth_v12_0307_unknown_slow_exit.mp4,slow_exit,unknown,6.6,0,0,0,0,1,0,yes,synthetic_v12 slow_exit
synth_v12_0308_side_left_occlusion_low_confidence.mp4,occlusion_low_confidence,side_left,4.5,0,0,0,0,0,0,yes,synthetic_v12 occlusion_low_confidence
synth_v12_0309_side_rear_knee_too_closed.mp4,rear_knee_too_closed,side,6.2,0,0,1,0,0,0,yes,synthetic_v12 rear_knee_too_closed
synth_v12_0310_side_occlusion_low_confidence.mp4,occlusion_low_confidence,side,4.5,0,0,0,0,0,0,yes,synthetic_v12 occlusion_low_confidence
synth_v12_0311_front_first_step_overstride.mp4,first_step_overstride,front,6.6,0,0,0,0,1,0,yes,synthetic_v12 first_step_overstride
synth_v12_0312_back_lateral_drift.mp4,lateral_drift,back,6.6,0,0,0,0,1,0,yes,synthetic_v12 lateral_drift
synth_v12_0313_unknown_slow_exit.mp4,slow_exit,unknown,6.6,0,0,0,0,1,0,yes,synthetic_v12 slow_exit
synth_v12_0314_side_bad_block_spacing.mp4,bad_block_spacing,side,6.2,0,1,1,0,0,0,yes,synthetic_v12 bad_block_spacing
synth_v12_0315_unknown_lateral_drift.mp4,lateral_drift,unknown,6.6,0,0,0,0,1,0,yes,synthetic_v12 lateral_drift
synth_v12_0316_back_first_step_too_short.mp4,first_step_too_short,back,6.6,0,0,0,0,1,0,yes,synthetic_v12 first_step_too_short
synth_v12_0317_unknown_body_rises_early.mp4,body_rises_early,unknown,6.5,1,0,0,0,0,0,yes,synthetic_v12 body_rises_early
synth_v12_0318_side_no_block_start_negative.mp4,no_block_start_negative,side,4.5,0,0,0,0,0,0,yes,synthetic_v12 no_block_start_negative
synth_v12_0319_oblique_no_block_start_negative.mp4,no_block_start_negative,oblique,4.5,0,0,0,0,0,0,yes,synthetic_v12 no_block_start_negative
synth_v12_0320_front_front_knee_too_open.mp4,front_knee_too_open,front,6.2,0,1,0,0,0,0,yes,synthetic_v12 front_knee_too_open
synth_v12_0321_front_front_knee_too_open.mp4,front_knee_too_open,front,6.2,0,1,0,0,0,0,yes,synthetic_v12 front_knee_too_open
synth_v12_0322_back_hip_high.mp4,hip_high,back,6.5,0,0,0,1,0,0,yes,synthetic_v12 hip_high
synth_v12_0323_back_standing_start_negative.mp4,standing_start_negative,back,4.5,0,0,0,0,0,0,yes,synthetic_v12 standing_start_negative
synth_v12_0324_side_left_good.mp4,good,side_left,9.0,0,0,0,0,0,0,yes,synthetic_v12 good
synth_v12_0325_back_first_step_overstride.mp4,first_step_overstride,back,6.6,0,0,0,0,1,0,yes,synthetic_v12 first_step_overstride
synth_v12_0326_unknown_bad_block_spacing.mp4,bad_block_spacing,unknown,6.2,0,1,1,0,0,0,yes,synthetic_v12 bad_block_spacing
synth_v12_0327_back_hip_high.mp4,hip_high,back,6.5,0,0,0,1,0,0,yes,synthetic_v12 hip_high
synth_v12_0328_front_front_knee_too_open.mp4,front_knee_too_open,front,6.2,0,1,0,0,0,0,yes,synthetic_v12 front_knee_too_open
synth_v12_0329_side_head_lifts_early.mp4,head_lifts_early,side,9.0,0,0,0,0,0,0,yes,synthetic_v12 head_lifts_early
synth_v12_0330_oblique_body_too_low_drive.mp4,body_too_low_drive,oblique,9.0,0,0,0,0,0,0,yes,synthetic_v12 body_too_low_drive
synth_v12_0331_front_rear_knee_too_closed.mp4,rear_knee_too_closed,front,6.2,0,0,1,0,0,0,yes,synthetic_v12 rear_knee_too_closed
synth_v12_0332_front_front_knee_too_open.mp4,front_knee_too_open,front,6.2,0,1,0,0,0,0,yes,synthetic_v12 front_knee_too_open
synth_v12_0333_oblique_hip_low.mp4,hip_low,oblique,6.5,0,0,0,1,0,0,yes,synthetic_v12 hip_low
synth_v12_0334_oblique_front_knee_too_open.mp4,front_knee_too_open,oblique,6.2,0,1,0,0,0,0,yes,synthetic_v12 front_knee_too_open
synth_v12_0335_unknown_hip_low.mp4,hip_low,unknown,6.5,0,0,0,1,0,0,yes,synthetic_v12 hip_low
synth_v12_0336_oblique_body_rises_early.mp4,body_rises_early,oblique,6.5,1,0,0,0,0,0,yes,synthetic_v12 body_rises_early
synth_v12_0337_unknown_hip_high.mp4,hip_high,unknown,6.5,0,0,0,1,0,0,yes,synthetic_v12 hip_high
synth_v12_0338_oblique_hip_low.mp4,hip_low,oblique,6.5,0,0,0,1,0,0,yes,synthetic_v12 hip_low
synth_v12_0339_unknown_good.mp4,good,unknown,9.0,0,0,0,0,0,0,yes,synthetic_v12 good
synth_v12_0340_oblique_bad_block_spacing.mp4,bad_block_spacing,oblique,6.2,0,1,1,0,0,0,yes,synthetic_v12 bad_block_spacing
synth_v12_0341_side_rear_knee_too_closed.mp4,rear_knee_too_closed,side,6.2,0,0,1,0,0,0,yes,synthetic_v12 rear_knee_too_closed
synth_v12_0342_side_first_step_overstride.mp4,first_step_overstride,side,6.6,0,0,0,0,1,0,yes,synthetic_v12 first_step_overstride
synth_v12_0343_side_arms_crossing.mp4,arms_crossing,side,7.2,0,0,0,0,0,1,yes,synthetic_v12 arms_crossing
synth_v12_0344_back_first_step_overstride.mp4,first_step_overstride,back,6.6,0,0,0,0,1,0,yes,synthetic_v12 first_step_overstride
synth_v12_0345_front_partial_video.mp4,partial_video,front,4.5,0,0,0,0,0,0,yes,synthetic_v12 partial_video
synth_v12_0346_back_head_lifts_early.mp4,head_lifts_early,back,9.0,0,0,0,0,0,0,yes,synthetic_v12 head_lifts_early
synth_v12_0347_side_arms_crossing.mp4,arms_crossing,side,7.2,0,0,0,0,0,1,yes,synthetic_v12 arms_crossing
synth_v12_0348_side_left_no_block_start_negative.mp4,no_block_start_negative,side_left,4.5,0,0,0,0,0,0,yes,synthetic_v12 no_block_start_negative
synth_v12_0349_side_slow_exit.mp4,slow_exit,side,6.6,0,0,0,0,1,0,yes,synthetic_v12 slow_exit
synth_v12_0350_side_slow_exit.mp4,slow_exit,side,6.6,0,0,0,0,1,0,yes,synthetic_v12 slow_exit
synth_v12_0351_side_good.mp4,good,side,9.0,0,0,0,0,0,0,yes,synthetic_v12 good
synth_v12_0352_oblique_hip_low.mp4,hip_low,oblique,6.5,0,0,0,1,0,0,yes,synthetic_v12 hip_low
synth_v12_0353_front_head_lifts_early.mp4,head_lifts_early,front,9.0,0,0,0,0,0,0,yes,synthetic_v12 head_lifts_early
synth_v12_0354_side_left_lateral_drift.mp4,lateral_drift,side_left,6.6,0,0,0,0,1,0,yes,synthetic_v12 lateral_drift
synth_v12_0355_front_no_block_start_negative.mp4,no_block_start_negative,front,4.5,0,0,0,0,0,0,yes,synthetic_v12 no_block_start_negative
synth_v12_0356_back_hip_low.mp4,hip_low,back,6.5,0,0,0,1,0,0,yes,synthetic_v12 hip_low
synth_v12_0357_side_left_hip_low.mp4,hip_low,side_left,6.5,0,0,0,1,0,0,yes,synthetic_v12 hip_low
synth_v12_0358_back_first_step_too_short.mp4,first_step_too_short,back,6.6,0,0,0,0,1,0,yes,synthetic_v12 first_step_too_short
synth_v12_0359_front_slow_exit.mp4,slow_exit,front,6.6,0,0,0,0,1,0,yes,synthetic_v12 slow_exit
synth_v12_0360_unknown_bad_block_spacing.mp4,bad_block_spacing,unknown,6.2,0,1,1,0,0,0,yes,synthetic_v12 bad_block_spacing
synth_v12_0361_unknown_good.mp4,good,unknown,9.0,0,0,0,0,0,0,yes,synthetic_v12 good
synth_v12_0362_side_front_knee_too_closed.mp4,front_knee_too_closed,side,6.2,0,1,0,0,0,0,yes,synthetic_v12 front_knee_too_closed
synth_v12_0363_oblique_rear_knee_too_closed.mp4,rear_knee_too_closed,oblique,6.2,0,0,1,0,0,0,yes,synthetic_v12 rear_knee_too_closed
synth_v12_0364_oblique_first_step_overstride.mp4,first_step_overstride,oblique,6.6,0,0,0,0,1,0,yes,synthetic_v12 first_step_overstride
synth_v12_0365_oblique_first_step_too_short.mp4,first_step_too_short,oblique,6.6,0,0,0,0,1,0,yes,synthetic_v12 first_step_too_short
synth_v12_0366_front_standing_start_negative.mp4,standing_start_negative,front,4.5,0,0,0,0,0,0,yes,synthetic_v12 standing_start_negative
synth_v12_0367_oblique_rear_knee_too_open.mp4,rear_knee_too_open,oblique,6.2,0,0,1,0,0,0,yes,synthetic_v12 rear_knee_too_open
synth_v12_0368_front_head_lifts_early.mp4,head_lifts_early,front,9.0,0,0,0,0,0,0,yes,synthetic_v12 head_lifts_early
synth_v12_0369_oblique_first_step_overstride.mp4,first_step_overstride,oblique,6.6,0,0,0,0,1,0,yes,synthetic_v12 first_step_overstride
synth_v12_0370_oblique_slow_exit.mp4,slow_exit,oblique,6.6,0,0,0,0,1,0,yes,synthetic_v12 slow_exit
synth_v12_0371_side_left_body_rises_early.mp4,body_rises_early,side_left,6.5,1,0,0,0,0,0,yes,synthetic_v12 body_rises_early
synth_v12_0372_oblique_first_step_too_short.mp4,first_step_too_short,oblique,6.6,0,0,0,0,1,0,yes,synthetic_v12 first_step_too_short
synth_v12_0373_oblique_body_too_low_drive.mp4,body_too_low_drive,oblique,9.0,0,0,0,0,0,0,yes,synthetic_v12 body_too_low_drive
synth_v12_0374_unknown_standing_start_negative.mp4,standing_start_negative,unknown,4.5,0,0,0,0,0,0,yes,synthetic_v12 standing_start_negative
synth_v12_0375_back_standing_start_negative.mp4,standing_start_negative,back,4.5,0,0,0,0,0,0,yes,synthetic_v12 standing_start_negative
synth_v12_0376_back_rear_knee_too_open.mp4,rear_knee_too_open,back,6.2,0,0,1,0,0,0,yes,synthetic_v12 rear_knee_too_open
synth_v12_0377_side_left_no_block_start_negative.mp4,no_block_start_negative,side_left,4.5,0,0,0,0,0,0,yes,synthetic_v12 no_block_start_negative
synth_v12_0378_unknown_head_lifts_early.mp4,head_lifts_early,unknown,9.0,0,0,0,0,0,0,yes,synthetic_v12 head_lifts_early
synth_v12_0379_unknown_front_knee_too_closed.mp4,front_knee_too_closed,unknown,6.2,0,1,0,0,0,0,yes,synthetic_v12 front_knee_too_closed
synth_v12_0380_oblique_lateral_drift.mp4,lateral_drift,oblique,6.6,0,0,0,0,1,0,yes,synthetic_v12 lateral_drift
synth_v12_0381_back_no_block_start_negative.mp4,no_block_start_negative,back,4.5,0,0,0,0,0,0,yes,synthetic_v12 no_block_start_negative
synth_v12_0382_side_left_occlusion_low_confidence.mp4,occlusion_low_confidence,side_left,4.5,0,0,0,0,0,0,yes,synthetic_v12 occlusion_low_confidence
synth_v12_0383_side_first_step_too_short.mp4,first_step_too_short,side,6.6,0,0,0,0,1,0,yes,synthetic_v12 first_step_too_short
synth_v12_0384_side_rear_knee_too_open.mp4,rear_knee_too_open,side,6.2,0,0,1,0,0,0,yes,synthetic_v12 rear_knee_too_open
synth_v12_0385_oblique_front_knee_too_closed.mp4,front_knee_too_closed,oblique,6.2,0,1,0,0,0,0,yes,synthetic_v12 front_knee_too_closed
synth_v12_0386_back_hip_low.mp4,hip_low,back,6.5,0,0,0,1,0,0,yes,synthetic_v12 hip_low
synth_v12_0387_unknown_lateral_drift.mp4,lateral_drift,unknown,6.6,0,0,0,0,1,0,yes,synthetic_v12 lateral_drift
synth_v12_0388_back_first_step_too_short.mp4,first_step_too_short,back,6.6,0,0,0,0,1,0,yes,synthetic_v12 first_step_too_short
synth_v12_0389_unknown_hip_high.mp4,hip_high,unknown,6.5,0,0,0,1,0,0,yes,synthetic_v12 hip_high
synth_v12_0390_unknown_bad_block_spacing.mp4,bad_block_spacing,unknown,6.2,0,1,1,0,0,0,yes,synthetic_v12 bad_block_spacing
synth_v12_0391_back_head_lifts_early.mp4,head_lifts_early,back,9.0,0,0,0,0,0,0,yes,synthetic_v12 head_lifts_early
synth_v12_0392_side_left_first_step_too_short.mp4,first_step_too_short,side_left,6.6,0,0,0,0,1,0,yes,synthetic_v12 first_step_too_short
synth_v12_0393_side_partial_video.mp4,partial_video,side,4.5,0,0,0,0,0,0,yes,synthetic_v12 partial_video
synth_v12_0394_unknown_standing_start_negative.mp4,standing_start_negative,unknown,4.5,0,0,0,0,0,0,yes,synthetic_v12 standing_start_negative
synth_v12_0395_side_left_front_knee_too_open.mp4,front_knee_too_open,side_left,6.2,0,1,0,0,0,0,yes,synthetic_v12 front_knee_too_open
synth_v12_0396_side_left_body_rises_early.mp4,body_rises_early,side_left,6.5,1,0,0,0,0,0,yes,synthetic_v12 body_rises_early
synth_v12_0397_oblique_body_too_low_drive.mp4,body_too_low_drive,oblique,9.0,0,0,0,0,0,0,yes,synthetic_v12 body_too_low_drive
synth_v12_0398_side_body_rises_early.mp4,body_rises_early,side,6.5,1,0,0,0,0,0,yes,synthetic_v12 body_rises_early
synth_v12_0399_unknown_good.mp4,good,unknown,9.0,0,0,0,0,0,0,yes,synthetic_v12 good
synth_v12_0400_unknown_no_block_start_negative.mp4,no_block_start_negative,unknown,4.5,0,0,0,0,0,0,yes,synthetic_v12 no_block_start_negative
synth_v12_0401_side_left_partial_video.mp4,partial_video,side_left,4.5,0,0,0,0,0,0,yes,synthetic_v12 partial_video
synth_v12_0402_back_first_step_overstride.mp4,first_step_overstride,back,6.6,0,0,0,0,1,0,yes,synthetic_v12 first_step_overstride
synth_v12_0403_unknown_first_step_too_short.mp4,first_step_too_short,unknown,6.6,0,0,0,0,1,0,yes,synthetic_v12 first_step_too_short
synth_v12_0404_front_bad_block_spacing.mp4,bad_block_spacing,front,6.2,0,1,1,0,0,0,yes,synthetic_v12 bad_block_spacing
synth_v12_0405_back_rear_knee_too_closed.mp4,rear_knee_too_closed,back,6.2,0,0,1,0,0,0,yes,synthetic_v12 rear_knee_too_closed
synth_v12_0406_side_first_step_too_short.mp4,first_step_too_short,side,6.6,0,0,0,0,1,0,yes,synthetic_v12 first_step_too_short
synth_v12_0407_unknown_no_block_start_negative.mp4,no_block_start_negative,unknown,4.5,0,0,0,0,0,0,yes,synthetic_v12 no_block_start_negative
synth_v12_0408_oblique_body_too_low_drive.mp4,body_too_low_drive,oblique,9.0,0,0,0,0,0,0,yes,synthetic_v12 body_too_low_drive
synth_v12_0409_front_partial_video.mp4,partial_video,front,4.5,0,0,0,0,0,0,yes,synthetic_v12 partial_video
synth_v12_0410_back_body_too_low_drive.mp4,body_too_low_drive,back,9.0,0,0,0,0,0,0,yes,synthetic_v12 body_too_low_drive
synth_v12_0411_side_left_no_block_start_negative.mp4,no_block_start_negative,side_left,4.5,0,0,0,0,0,0,yes,synthetic_v12 no_block_start_negative
synth_v12_0412_side_slow_exit.mp4,slow_exit,side,6.6,0,0,0,0,1,0,yes,synthetic_v12 slow_exit
synth_v12_0413_back_body_too_low_drive.mp4,body_too_low_drive,back,9.0,0,0,0,0,0,0,yes,synthetic_v12 body_too_low_drive
synth_v12_0414_side_body_too_low_drive.mp4,body_too_low_drive,side,9.0,0,0,0,0,0,0,yes,synthetic_v12 body_too_low_drive
synth_v12_0415_front_first_step_too_short.mp4,first_step_too_short,front,6.6,0,0,0,0,1,0,yes,synthetic_v12 first_step_too_short
synth_v12_0416_unknown_first_step_overstride.mp4,first_step_overstride,unknown,6.6,0,0,0,0,1,0,yes,synthetic_v12 first_step_overstride
synth_v12_0417_front_body_rises_early.mp4,body_rises_early,front,6.5,1,0,0,0,0,0,yes,synthetic_v12 body_rises_early
synth_v12_0418_side_left_slow_exit.mp4,slow_exit,side_left,6.6,0,0,0,0,1,0,yes,synthetic_v12 slow_exit
synth_v12_0419_side_left_first_step_too_short.mp4,first_step_too_short,side_left,6.6,0,0,0,0,1,0,yes,synthetic_v12 first_step_too_short
synth_v12_0420_side_left_good.mp4,good,side_left,9.0,0,0,0,0,0,0,yes,synthetic_v12 good
synth_v12_0421_oblique_front_knee_too_open.mp4,front_knee_too_open,oblique,6.2,0,1,0,0,0,0,yes,synthetic_v12 front_knee_too_open
synth_v12_0422_side_left_bad_block_spacing.mp4,bad_block_spacing,side_left,6.2,0,1,1,0,0,0,yes,synthetic_v12 bad_block_spacing
synth_v12_0423_unknown_partial_video.mp4,partial_video,unknown,4.5,0,0,0,0,0,0,yes,synthetic_v12 partial_video
synth_v12_0424_oblique_lateral_drift.mp4,lateral_drift,oblique,6.6,0,0,0,0,1,0,yes,synthetic_v12 lateral_drift
synth_v12_0425_oblique_body_too_low_drive.mp4,body_too_low_drive,oblique,9.0,0,0,0,0,0,0,yes,synthetic_v12 body_too_low_drive
synth_v12_0426_side_left_occlusion_low_confidence.mp4,occlusion_low_confidence,side_left,4.5,0,0,0,0,0,0,yes,synthetic_v12 occlusion_low_confidence
synth_v12_0427_front_bad_block_spacing.mp4,bad_block_spacing,front,6.2,0,1,1,0,0,0,yes,synthetic_v12 bad_block_spacing
synth_v12_0428_side_left_head_lifts_early.mp4,head_lifts_early,side_left,9.0,0,0,0,0,0,0,yes,synthetic_v12 head_lifts_early
synth_v12_0429_side_hip_high.mp4,hip_high,side,6.5,0,0,0,1,0,0,yes,synthetic_v12 hip_high
synth_v12_0430_back_front_knee_too_closed.mp4,front_knee_too_closed,back,6.2,0,1,0,0,0,0,yes,synthetic_v12 front_knee_too_closed
synth_v12_0431_oblique_bad_block_spacing.mp4,bad_block_spacing,oblique,6.2,0,1,1,0,0,0,yes,synthetic_v12 bad_block_spacing
synth_v12_0432_oblique_partial_video.mp4,partial_video,oblique,4.5,0,0,0,0,0,0,yes,synthetic_v12 partial_video
synth_v12_0433_side_front_knee_too_open.mp4,front_knee_too_open,side,6.2,0,1,0,0,0,0,yes,synthetic_v12 front_knee_too_open
synth_v12_0434_oblique_body_rises_early.mp4,body_rises_early,oblique,6.5,1,0,0,0,0,0,yes,synthetic_v12 body_rises_early
synth_v12_0435_oblique_hip_low.mp4,hip_low,oblique,6.5,0,0,0,1,0,0,yes,synthetic_v12 hip_low
synth_v12_0436_front_standing_start_negative.mp4,standing_start_negative,front,4.5,0,0,0,0,0,0,yes,synthetic_v12 standing_start_negative
synth_v12_0437_back_hip_high.mp4,hip_high,back,6.5,0,0,0,1,0,0,yes,synthetic_v12 hip_high
synth_v12_0438_unknown_rear_knee_too_open.mp4,rear_knee_too_open,unknown,6.2,0,0,1,0,0,0,yes,synthetic_v12 rear_knee_too_open
synth_v12_0439_side_left_hip_high.mp4,hip_high,side_left,6.5,0,0,0,1,0,0,yes,synthetic_v12 hip_high
synth_v12_0440_unknown_body_rises_early.mp4,body_rises_early,unknown,6.5,1,0,0,0,0,0,yes,synthetic_v12 body_rises_early
synth_v12_0441_side_left_body_too_low_drive.mp4,body_too_low_drive,side_left,9.0,0,0,0,0,0,0,yes,synthetic_v12 body_too_low_drive
synth_v12_0442_unknown_hip_low.mp4,hip_low,unknown,6.5,0,0,0,1,0,0,yes,synthetic_v12 hip_low
synth_v12_0443_unknown_body_rises_early.mp4,body_rises_early,unknown,6.5,1,0,0,0,0,0,yes,synthetic_v12 body_rises_early
synth_v12_0444_side_left_good.mp4,good,side_left,9.0,0,0,0,0,0,0,yes,synthetic_v12 good
synth_v12_0445_back_rear_knee_too_closed.mp4,rear_knee_too_closed,back,6.2,0,0,1,0,0,0,yes,synthetic_v12 rear_knee_too_closed
synth_v12_0446_oblique_bad_block_spacing.mp4,bad_block_spacing,oblique,6.2,0,1,1,0,0,0,yes,synthetic_v12 bad_block_spacing
synth_v12_0447_side_left_arms_crossing.mp4,arms_crossing,side_left,7.2,0,0,0,0,0,1,yes,synthetic_v12 arms_crossing
synth_v12_0448_side_left_good.mp4,good,side_left,9.0,0,0,0,0,0,0,yes,synthetic_v12 good
synth_v12_0449_oblique_body_rises_early.mp4,body_rises_early,oblique,6.5,1,0,0,0,0,0,yes,synthetic_v12 body_rises_early
synth_v12_0450_side_front_knee_too_closed.mp4,front_knee_too_closed,side,6.2,0,1,0,0,0,0,yes,synthetic_v12 front_knee_too_closed
synth_v12_0451_unknown_hip_high.mp4,hip_high,unknown,6.5,0,0,0,1,0,0,yes,synthetic_v12 hip_high
synth_v12_0452_oblique_rear_knee_too_closed.mp4,rear_knee_too_closed,oblique,6.2,0,0,1,0,0,0,yes,synthetic_v12 rear_knee_too_closed
synth_v12_0453_front_front_knee_too_closed.mp4,front_knee_too_closed,front,6.2,0,1,0,0,0,0,yes,synthetic_v12 front_knee_too_closed
synth_v12_0454_front_body_rises_early.mp4,body_rises_early,front,6.5,1,0,0,0,0,0,yes,synthetic_v12 body_rises_early
synth_v12_0455_side_left_slow_exit.mp4,slow_exit,side_left,6.6,0,0,0,0,1,0,yes,synthetic_v12 slow_exit
synth_v12_0456_side_left_rear_knee_too_closed.mp4,rear_knee_too_closed,side_left,6.2,0,0,1,0,0,0,yes,synthetic_v12 rear_knee_too_closed
synth_v12_0457_side_lateral_drift.mp4,lateral_drift,side,6.6,0,0,0,0,1,0,yes,synthetic_v12 lateral_drift
synth_v12_0458_oblique_hip_high.mp4,hip_high,oblique,6.5,0,0,0,1,0,0,yes,synthetic_v12 hip_high
synth_v12_0459_back_lateral_drift.mp4,lateral_drift,back,6.6,0,0,0,0,1,0,yes,synthetic_v12 lateral_drift
synth_v12_0460_front_good.mp4,good,front,9.0,0,0,0,0,0,0,yes,synthetic_v12 good
synth_v12_0461_front_head_lifts_early.mp4,head_lifts_early,front,9.0,0,0,0,0,0,0,yes,synthetic_v12 head_lifts_early
synth_v12_0462_side_left_rear_knee_too_closed.mp4,rear_knee_too_closed,side_left,6.2,0,0,1,0,0,0,yes,synthetic_v12 rear_knee_too_closed
synth_v12_0463_back_first_step_too_short.mp4,first_step_too_short,back,6.6,0,0,0,0,1,0,yes,synthetic_v12 first_step_too_short
synth_v12_0464_front_first_step_too_short.mp4,first_step_too_short,front,6.6,0,0,0,0,1,0,yes,synthetic_v12 first_step_too_short
synth_v12_0465_unknown_body_rises_early.mp4,body_rises_early,unknown,6.5,1,0,0,0,0,0,yes,synthetic_v12 body_rises_early
synth_v12_0466_back_arms_crossing.mp4,arms_crossing,back,7.2,0,0,0,0,0,1,yes,synthetic_v12 arms_crossing
synth_v12_0467_oblique_partial_video.mp4,partial_video,oblique,4.5,0,0,0,0,0,0,yes,synthetic_v12 partial_video
synth_v12_0468_back_standing_start_negative.mp4,standing_start_negative,back,4.5,0,0,0,0,0,0,yes,synthetic_v12 standing_start_negative
synth_v12_0469_front_occlusion_low_confidence.mp4,occlusion_low_confidence,front,4.5,0,0,0,0,0,0,yes,synthetic_v12 occlusion_low_confidence
synth_v12_0470_back_first_step_too_short.mp4,first_step_too_short,back,6.6,0,0,0,0,1,0,yes,synthetic_v12 first_step_too_short
synth_v12_0471_front_slow_exit.mp4,slow_exit,front,6.6,0,0,0,0,1,0,yes,synthetic_v12 slow_exit
synth_v12_0472_side_left_rear_knee_too_open.mp4,rear_knee_too_open,side_left,6.2,0,0,1,0,0,0,yes,synthetic_v12 rear_knee_too_open
synth_v12_0473_oblique_hip_high.mp4,hip_high,oblique,6.5,0,0,0,1,0,0,yes,synthetic_v12 hip_high
synth_v12_0474_oblique_partial_video.mp4,partial_video,oblique,4.5,0,0,0,0,0,0,yes,synthetic_v12 partial_video
synth_v12_0475_back_standing_start_negative.mp4,standing_start_negative,back,4.5,0,0,0,0,0,0,yes,synthetic_v12 standing_start_negative
synth_v12_0476_oblique_body_too_low_drive.mp4,body_too_low_drive,oblique,9.0,0,0,0,0,0,0,yes,synthetic_v12 body_too_low_drive
synth_v12_0477_side_occlusion_low_confidence.mp4,occlusion_low_confidence,side,4.5,0,0,0,0,0,0,yes,synthetic_v12 occlusion_low_confidence
synth_v12_0478_side_good.mp4,good,side,9.0,0,0,0,0,0,0,yes,synthetic_v12 good
synth_v12_0479_back_head_lifts_early.mp4,head_lifts_early,back,9.0,0,0,0,0,0,0,yes,synthetic_v12 head_lifts_early
synth_v12_0480_oblique_bad_block_spacing.mp4,bad_block_spacing,oblique,6.2,0,1,1,0,0,0,yes,synthetic_v12 bad_block_spacing
synth_v12_0481_oblique_standing_start_negative.mp4,standing_start_negative,oblique,4.5,0,0,0,0,0,0,yes,synthetic_v12 standing_start_negative
synth_v12_0482_oblique_rear_knee_too_open.mp4,rear_knee_too_open,oblique,6.2,0,0,1,0,0,0,yes,synthetic_v12 rear_knee_too_open
synth_v12_0483_oblique_no_block_start_negative.mp4,no_block_start_negative,oblique,4.5,0,0,0,0,0,0,yes,synthetic_v12 no_block_start_negative
synth_v12_0484_oblique_body_rises_early.mp4,body_rises_early,oblique,6.5,1,0,0,0,0,0,yes,synthetic_v12 body_rises_early
synth_v12_0485_side_lateral_drift.mp4,lateral_drift,side,6.6,0,0,0,0,1,0,yes,synthetic_v12 lateral_drift
synth_v12_0486_front_body_too_low_drive.mp4,body_too_low_drive,front,9.0,0,0,0,0,0,0,yes,synthetic_v12 body_too_low_drive
synth_v12_0487_back_arms_crossing.mp4,arms_crossing,back,7.2,0,0,0,0,0,1,yes,synthetic_v12 arms_crossing
synth_v12_0488_front_arms_crossing.mp4,arms_crossing,front,7.2,0,0,0,0,0,1,yes,synthetic_v12 arms_crossing
synth_v12_0489_side_rear_knee_too_closed.mp4,rear_knee_too_closed,side,6.2,0,0,1,0,0,0,yes,synthetic_v12 rear_knee_too_closed
synth_v12_0490_front_standing_start_negative.mp4,standing_start_negative,front,4.5,0,0,0,0,0,0,yes,synthetic_v12 standing_start_negative
synth_v12_0491_front_first_step_overstride.mp4,first_step_overstride,front,6.6,0,0,0,0,1,0,yes,synthetic_v12 first_step_overstride
synth_v12_0492_back_occlusion_low_confidence.mp4,occlusion_low_confidence,back,4.5,0,0,0,0,0,0,yes,synthetic_v12 occlusion_low_confidence
synth_v12_0493_oblique_body_too_low_drive.mp4,body_too_low_drive,oblique,9.0,0,0,0,0,0,0,yes,synthetic_v12 body_too_low_drive
synth_v12_0494_unknown_body_rises_early.mp4,body_rises_early,unknown,6.5,1,0,0,0,0,0,yes,synthetic_v12 body_rises_early
synth_v12_0495_oblique_occlusion_low_confidence.mp4,occlusion_low_confidence,oblique,4.5,0,0,0,0,0,0,yes,synthetic_v12 occlusion_low_confidence
synth_v12_0496_back_rear_knee_too_closed.mp4,rear_knee_too_closed,back,6.2,0,0,1,0,0,0,yes,synthetic_v12 rear_knee_too_closed
synth_v12_0497_side_lateral_drift.mp4,lateral_drift,side,6.6,0,0,0,0,1,0,yes,synthetic_v12 lateral_drift
synth_v12_0498_front_bad_block_spacing.mp4,bad_block_spacing,front,6.2,0,1,1,0,0,0,yes,synthetic_v12 bad_block_spacing
synth_v12_0499_side_left_arms_crossing.mp4,arms_crossing,side_left,7.2,0,0,0,0,0,1,yes,synthetic_v12 arms_crossing
synth_v12_0500_back_no_block_start_negative.mp4,no_block_start_negative,back,4.5,0,0,0,0,0,0,yes,synthetic_v12 no_block_start_negative
synth_v12_0501_front_front_knee_too_open.mp4,front_knee_too_open,front,6.2,0,1,0,0,0,0,yes,synthetic_v12 front_knee_too_open
synth_v12_0502_side_left_body_rises_early.mp4,body_rises_early,side_left,6.5,1,0,0,0,0,0,yes,synthetic_v12 body_rises_early
synth_v12_0503_back_standing_start_negative.mp4,standing_start_negative,back,4.5,0,0,0,0,0,0,yes,synthetic_v12 standing_start_negative
synth_v12_0504_side_occlusion_low_confidence.mp4,occlusion_low_confidence,side,4.5,0,0,0,0,0,0,yes,synthetic_v12 occlusion_low_confidence
synth_v12_0505_side_head_lifts_early.mp4,head_lifts_early,side,9.0,0,0,0,0,0,0,yes,synthetic_v12 head_lifts_early
synth_v12_0506_oblique_head_lifts_early.mp4,head_lifts_early,oblique,9.0,0,0,0,0,0,0,yes,synthetic_v12 head_lifts_early
synth_v12_0507_unknown_hip_high.mp4,hip_high,unknown,6.5,0,0,0,1,0,0,yes,synthetic_v12 hip_high
synth_v12_0508_back_partial_video.mp4,partial_video,back,4.5,0,0,0,0,0,0,yes,synthetic_v12 partial_video
synth_v12_0509_side_rear_knee_too_open.mp4,rear_knee_too_open,side,6.2,0,0,1,0,0,0,yes,synthetic_v12 rear_knee_too_open
synth_v12_0510_front_rear_knee_too_open.mp4,rear_knee_too_open,front,6.2,0,0,1,0,0,0,yes,synthetic_v12 rear_knee_too_open
synth_v12_0511_front_partial_video.mp4,partial_video,front,4.5,0,0,0,0,0,0,yes,synthetic_v12 partial_video
synth_v12_0512_side_arms_crossing.mp4,arms_crossing,side,7.2,0,0,0,0,0,1,yes,synthetic_v12 arms_crossing
synth_v12_0513_back_head_lifts_early.mp4,head_lifts_early,back,9.0,0,0,0,0,0,0,yes,synthetic_v12 head_lifts_early
synth_v12_0514_side_left_body_rises_early.mp4,body_rises_early,side_left,6.5,1,0,0,0,0,0,yes,synthetic_v12 body_rises_early
synth_v12_0515_front_no_block_start_negative.mp4,no_block_start_negative,front,4.5,0,0,0,0,0,0,yes,synthetic_v12 no_block_start_negative
synth_v12_0516_oblique_bad_block_spacing.mp4,bad_block_spacing,oblique,6.2,0,1,1,0,0,0,yes,synthetic_v12 bad_block_spacing
synth_v12_0517_side_bad_block_spacing.mp4,bad_block_spacing,side,6.2,0,1,1,0,0,0,yes,synthetic_v12 bad_block_spacing
synth_v12_0518_side_left_hip_high.mp4,hip_high,side_left,6.5,0,0,0,1,0,0,yes,synthetic_v12 hip_high
synth_v12_0519_front_rear_knee_too_closed.mp4,rear_knee_too_closed,front,6.2,0,0,1,0,0,0,yes,synthetic_v12 rear_knee_too_closed
synth_v12_0520_unknown_lateral_drift.mp4,lateral_drift,unknown,6.6,0,0,0,0,1,0,yes,synthetic_v12 lateral_drift
synth_v12_0521_unknown_front_knee_too_open.mp4,front_knee_too_open,unknown,6.2,0,1,0,0,0,0,yes,synthetic_v12 front_knee_too_open
synth_v12_0522_oblique_head_lifts_early.mp4,head_lifts_early,oblique,9.0,0,0,0,0,0,0,yes,synthetic_v12 head_lifts_early
synth_v12_0523_side_left_first_step_too_short.mp4,first_step_too_short,side_left,6.6,0,0,0,0,1,0,yes,synthetic_v12 first_step_too_short
synth_v12_0524_back_good.mp4,good,back,9.0,0,0,0,0,0,0,yes,synthetic_v12 good
synth_v12_0525_oblique_standing_start_negative.mp4,standing_start_negative,oblique,4.5,0,0,0,0,0,0,yes,synthetic_v12 standing_start_negative
synth_v12_0526_back_arms_crossing.mp4,arms_crossing,back,7.2,0,0,0,0,0,1,yes,synthetic_v12 arms_crossing
synth_v12_0527_side_lateral_drift.mp4,lateral_drift,side,6.6,0,0,0,0,1,0,yes,synthetic_v12 lateral_drift
synth_v12_0528_front_hip_low.mp4,hip_low,front,6.5,0,0,0,1,0,0,yes,synthetic_v12 hip_low
synth_v12_0529_back_occlusion_low_confidence.mp4,occlusion_low_confidence,back,4.5,0,0,0,0,0,0,yes,synthetic_v12 occlusion_low_confidence
synth_v12_0530_side_rear_knee_too_closed.mp4,rear_knee_too_closed,side,6.2,0,0,1,0,0,0,yes,synthetic_v12 rear_knee_too_closed
synth_v12_0531_unknown_body_too_low_drive.mp4,body_too_low_drive,unknown,9.0,0,0,0,0,0,0,yes,synthetic_v12 body_too_low_drive
synth_v12_0532_side_left_lateral_drift.mp4,lateral_drift,side_left,6.6,0,0,0,0,1,0,yes,synthetic_v12 lateral_drift
synth_v12_0533_side_occlusion_low_confidence.mp4,occlusion_low_confidence,side,4.5,0,0,0,0,0,0,yes,synthetic_v12 occlusion_low_confidence
synth_v12_0534_side_standing_start_negative.mp4,standing_start_negative,side,4.5,0,0,0,0,0,0,yes,synthetic_v12 standing_start_negative
synth_v12_0535_front_hip_low.mp4,hip_low,front,6.5,0,0,0,1,0,0,yes,synthetic_v12 hip_low
synth_v12_0536_unknown_occlusion_low_confidence.mp4,occlusion_low_confidence,unknown,4.5,0,0,0,0,0,0,yes,synthetic_v12 occlusion_low_confidence
synth_v12_0537_unknown_occlusion_low_confidence.mp4,occlusion_low_confidence,unknown,4.5,0,0,0,0,0,0,yes,synthetic_v12 occlusion_low_confidence
synth_v12_0538_unknown_front_knee_too_closed.mp4,front_knee_too_closed,unknown,6.2,0,1,0,0,0,0,yes,synthetic_v12 front_knee_too_closed
synth_v12_0539_oblique_good.mp4,good,oblique,9.0,0,0,0,0,0,0,yes,synthetic_v12 good
synth_v12_0540_side_good.mp4,good,side,9.0,0,0,0,0,0,0,yes,synthetic_v12 good
synth_v12_0541_back_partial_video.mp4,partial_video,back,4.5,0,0,0,0,0,0,yes,synthetic_v12 partial_video
synth_v12_0542_back_good.mp4,good,back,9.0,0,0,0,0,0,0,yes,synthetic_v12 good
synth_v12_0543_front_lateral_drift.mp4,lateral_drift,front,6.6,0,0,0,0,1,0,yes,synthetic_v12 lateral_drift
synth_v12_0544_back_first_step_overstride.mp4,first_step_overstride,back,6.6,0,0,0,0,1,0,yes,synthetic_v12 first_step_overstride
synth_v12_0545_back_body_rises_early.mp4,body_rises_early,back,6.5,1,0,0,0,0,0,yes,synthetic_v12 body_rises_early
synth_v12_0546_back_slow_exit.mp4,slow_exit,back,6.6,0,0,0,0,1,0,yes,synthetic_v12 slow_exit
synth_v12_0547_side_slow_exit.mp4,slow_exit,side,6.6,0,0,0,0,1,0,yes,synthetic_v12 slow_exit
synth_v12_0548_front_slow_exit.mp4,slow_exit,front,6.6,0,0,0,0,1,0,yes,synthetic_v12 slow_exit
synth_v12_0549_front_rear_knee_too_open.mp4,rear_knee_too_open,front,6.2,0,0,1,0,0,0,yes,synthetic_v12 rear_knee_too_open
synth_v12_0550_side_left_lateral_drift.mp4,lateral_drift,side_left,6.6,0,0,0,0,1,0,yes,synthetic_v12 lateral_drift
synth_v12_0551_back_standing_start_negative.mp4,standing_start_negative,back,4.5,0,0,0,0,0,0,yes,synthetic_v12 standing_start_negative
synth_v12_0552_back_standing_start_negative.mp4,standing_start_negative,back,4.5,0,0,0,0,0,0,yes,synthetic_v12 standing_start_negative
synth_v12_0553_side_front_knee_too_closed.mp4,front_knee_too_closed,side,6.2,0,1,0,0,0,0,yes,synthetic_v12 front_knee_too_closed
synth_v12_0554_oblique_bad_block_spacing.mp4,bad_block_spacing,oblique,6.2,0,1,1,0,0,0,yes,synthetic_v12 bad_block_spacing
synth_v12_0555_front_head_lifts_early.mp4,head_lifts_early,front,9.0,0,0,0,0,0,0,yes,synthetic_v12 head_lifts_early
synth_v12_0556_side_left_head_lifts_early.mp4,head_lifts_early,side_left,9.0,0,0,0,0,0,0,yes,synthetic_v12 head_lifts_early
synth_v12_0557_unknown_hip_low.mp4,hip_low,unknown,6.5,0,0,0,1,0,0,yes,synthetic_v12 hip_low
synth_v12_0558_side_left_slow_exit.mp4,slow_exit,side_left,6.6,0,0,0,0,1,0,yes,synthetic_v12 slow_exit
synth_v12_0559_side_rear_knee_too_open.mp4,rear_knee_too_open,side,6.2,0,0,1,0,0,0,yes,synthetic_v12 rear_knee_too_open
synth_v12_0560_front_bad_block_spacing.mp4,bad_block_spacing,front,6.2,0,1,1,0,0,0,yes,synthetic_v12 bad_block_spacing
synth_v12_0561_front_hip_high.mp4,hip_high,front,6.5,0,0,0,1,0,0,yes,synthetic_v12 hip_high
synth_v12_0562_oblique_rear_knee_too_closed.mp4,rear_knee_too_closed,oblique,6.2,0,0,1,0,0,0,yes,synthetic_v12 rear_knee_too_closed
synth_v12_0563_side_front_knee_too_closed.mp4,front_knee_too_closed,side,6.2,0,1,0,0,0,0,yes,synthetic_v12 front_knee_too_closed
synth_v12_0564_side_left_rear_knee_too_open.mp4,rear_knee_too_open,side_left,6.2,0,0,1,0,0,0,yes,synthetic_v12 rear_knee_too_open
synth_v12_0565_side_slow_exit.mp4,slow_exit,side,6.6,0,0,0,0,1,0,yes,synthetic_v12 slow_exit
synth_v12_0566_unknown_standing_start_negative.mp4,standing_start_negative,unknown,4.5,0,0,0,0,0,0,yes,synthetic_v12 standing_start_negative
synth_v12_0567_unknown_partial_video.mp4,partial_video,unknown,4.5,0,0,0,0,0,0,yes,synthetic_v12 partial_video
synth_v12_0568_front_first_step_too_short.mp4,first_step_too_short,front,6.6,0,0,0,0,1,0,yes,synthetic_v12 first_step_too_short
synth_v12_0569_unknown_first_step_too_short.mp4,first_step_too_short,unknown,6.6,0,0,0,0,1,0,yes,synthetic_v12 first_step_too_short
synth_v12_0570_unknown_hip_high.mp4,hip_high,unknown,6.5,0,0,0,1,0,0,yes,synthetic_v12 hip_high
synth_v12_0571_side_body_rises_early.mp4,body_rises_early,side,6.5,1,0,0,0,0,0,yes,synthetic_v12 body_rises_early
synth_v12_0572_side_left_body_too_low_drive.mp4,body_too_low_drive,side_left,9.0,0,0,0,0,0,0,yes,synthetic_v12 body_too_low_drive
synth_v12_0573_unknown_arms_crossing.mp4,arms_crossing,unknown,7.2,0,0,0,0,0,1,yes,synthetic_v12 arms_crossing
synth_v12_0574_back_hip_low.mp4,hip_low,back,6.5,0,0,0,1,0,0,yes,synthetic_v12 hip_low
synth_v12_0575_back_hip_high.mp4,hip_high,back,6.5,0,0,0,1,0,0,yes,synthetic_v12 hip_high
synth_v12_0576_back_bad_block_spacing.mp4,bad_block_spacing,back,6.2,0,1,1,0,0,0,yes,synthetic_v12 bad_block_spacing
synth_v12_0577_side_hip_high.mp4,hip_high,side,6.5,0,0,0,1,0,0,yes,synthetic_v12 hip_high
synth_v12_0578_unknown_rear_knee_too_closed.mp4,rear_knee_too_closed,unknown,6.2,0,0,1,0,0,0,yes,synthetic_v12 rear_knee_too_closed
synth_v12_0579_back_standing_start_negative.mp4,standing_start_negative,back,4.5,0,0,0,0,0,0,yes,synthetic_v12 standing_start_negative
synth_v12_0580_unknown_front_knee_too_closed.mp4,front_knee_too_closed,unknown,6.2,0,1,0,0,0,0,yes,synthetic_v12 front_knee_too_closed
synth_v12_0581_back_head_lifts_early.mp4,head_lifts_early,back,9.0,0,0,0,0,0,0,yes,synthetic_v12 head_lifts_early
synth_v12_0582_oblique_bad_block_spacing.mp4,bad_block_spacing,oblique,6.2,0,1,1,0,0,0,yes,synthetic_v12 bad_block_spacing
synth_v12_0583_side_slow_exit.mp4,slow_exit,side,6.6,0,0,0,0,1,0,yes,synthetic_v12 slow_exit
synth_v12_0584_side_left_occlusion_low_confidence.mp4,occlusion_low_confidence,side_left,4.5,0,0,0,0,0,0,yes,synthetic_v12 occlusion_low_confidence
synth_v12_0585_side_front_knee_too_closed.mp4,front_knee_too_closed,side,6.2,0,1,0,0,0,0,yes,synthetic_v12 front_knee_too_closed
synth_v12_0586_oblique_rear_knee_too_open.mp4,rear_knee_too_open,oblique,6.2,0,0,1,0,0,0,yes,synthetic_v12 rear_knee_too_open
synth_v12_0587_side_occlusion_low_confidence.mp4,occlusion_low_confidence,side,4.5,0,0,0,0,0,0,yes,synthetic_v12 occlusion_low_confidence
synth_v12_0588_back_front_knee_too_closed.mp4,front_knee_too_closed,back,6.2,0,1,0,0,0,0,yes,synthetic_v12 front_knee_too_closed
synth_v12_0589_oblique_body_too_low_drive.mp4,body_too_low_drive,oblique,9.0,0,0,0,0,0,0,yes,synthetic_v12 body_too_low_drive
synth_v12_0590_side_left_head_lifts_early.mp4,head_lifts_early,side_left,9.0,0,0,0,0,0,0,yes,synthetic_v12 head_lifts_early
synth_v12_0591_back_rear_knee_too_open.mp4,rear_knee_too_open,back,6.2,0,0,1,0,0,0,yes,synthetic_v12 rear_knee_too_open
synth_v12_0592_side_left_standing_start_negative.mp4,standing_start_negative,side_left,4.5,0,0,0,0,0,0,yes,synthetic_v12 standing_start_negative
synth_v12_0593_unknown_standing_start_negative.mp4,standing_start_negative,unknown,4.5,0,0,0,0,0,0,yes,synthetic_v12 standing_start_negative
synth_v12_0594_unknown_bad_block_spacing.mp4,bad_block_spacing,unknown,6.2,0,1,1,0,0,0,yes,synthetic_v12 bad_block_spacing
synth_v12_0595_unknown_lateral_drift.mp4,lateral_drift,unknown,6.6,0,0,0,0,1,0,yes,synthetic_v12 lateral_drift
synth_v12_0596_front_rear_knee_too_open.mp4,rear_knee_too_open,front,6.2,0,0,1,0,0,0,yes,synthetic_v12 rear_knee_too_open
synth_v12_0597_side_left_head_lifts_early.mp4,head_lifts_early,side_left,9.0,0,0,0,0,0,0,yes,synthetic_v12 head_lifts_early
synth_v12_0598_back_body_rises_early.mp4,body_rises_early,back,6.5,1,0,0,0,0,0,yes,synthetic_v12 body_rises_early
synth_v12_0599_oblique_arms_crossing.mp4,arms_crossing,oblique,7.2,0,0,0,0,0,1,yes,synthetic_v12 arms_crossing
synth_v12_0600_side_left_hip_low.mp4,hip_low,side_left,6.5,0,0,0,1,0,0,yes,synthetic_v12 hip_low
synth_v12_0601_side_left_lateral_drift.mp4,lateral_drift,side_left,6.6,0,0,0,0,1,0,yes,synthetic_v12 lateral_drift
synth_v12_0602_side_good.mp4,good,side,9.0,0,0,0,0,0,0,yes,synthetic_v12 good
synth_v12_0603_side_lateral_drift.mp4,lateral_drift,side,6.6,0,0,0,0,1,0,yes,synthetic_v12 lateral_drift
synth_v12_0604_oblique_body_rises_early.mp4,body_rises_early,oblique,6.5,1,0,0,0,0,0,yes,synthetic_v12 body_rises_early
synth_v12_0605_front_partial_video.mp4,partial_video,front,4.5,0,0,0,0,0,0,yes,synthetic_v12 partial_video
synth_v12_0606_oblique_hip_low.mp4,hip_low,oblique,6.5,0,0,0,1,0,0,yes,synthetic_v12 hip_low
synth_v12_0607_back_body_too_low_drive.mp4,body_too_low_drive,back,9.0,0,0,0,0,0,0,yes,synthetic_v12 body_too_low_drive
synth_v12_0608_back_no_block_start_negative.mp4,no_block_start_negative,back,4.5,0,0,0,0,0,0,yes,synthetic_v12 no_block_start_negative
synth_v12_0609_back_partial_video.mp4,partial_video,back,4.5,0,0,0,0,0,0,yes,synthetic_v12 partial_video
synth_v12_0610_unknown_standing_start_negative.mp4,standing_start_negative,unknown,4.5,0,0,0,0,0,0,yes,synthetic_v12 standing_start_negative
synth_v12_0611_unknown_front_knee_too_open.mp4,front_knee_too_open,unknown,6.2,0,1,0,0,0,0,yes,synthetic_v12 front_knee_too_open
synth_v12_0612_back_body_rises_early.mp4,body_rises_early,back,6.5,1,0,0,0,0,0,yes,synthetic_v12 body_rises_early
synth_v12_0613_side_left_standing_start_negative.mp4,standing_start_negative,side_left,4.5,0,0,0,0,0,0,yes,synthetic_v12 standing_start_negative
synth_v12_0614_oblique_body_too_low_drive.mp4,body_too_low_drive,oblique,9.0,0,0,0,0,0,0,yes,synthetic_v12 body_too_low_drive
synth_v12_0615_oblique_hip_high.mp4,hip_high,oblique,6.5,0,0,0,1,0,0,yes,synthetic_v12 hip_high
synth_v12_0616_front_occlusion_low_confidence.mp4,occlusion_low_confidence,front,4.5,0,0,0,0,0,0,yes,synthetic_v12 occlusion_low_confidence
synth_v12_0617_back_no_block_start_negative.mp4,no_block_start_negative,back,4.5,0,0,0,0,0,0,yes,synthetic_v12 no_block_start_negative
synth_v12_0618_side_first_step_overstride.mp4,first_step_overstride,side,6.6,0,0,0,0,1,0,yes,synthetic_v12 first_step_overstride
synth_v12_0619_side_left_hip_high.mp4,hip_high,side_left,6.5,0,0,0,1,0,0,yes,synthetic_v12 hip_high
synth_v12_0620_front_first_step_overstride.mp4,first_step_overstride,front,6.6,0,0,0,0,1,0,yes,synthetic_v12 first_step_overstride
synth_v12_0621_back_slow_exit.mp4,slow_exit,back,6.6,0,0,0,0,1,0,yes,synthetic_v12 slow_exit
synth_v12_0622_oblique_body_rises_early.mp4,body_rises_early,oblique,6.5,1,0,0,0,0,0,yes,synthetic_v12 body_rises_early
synth_v12_0623_back_front_knee_too_closed.mp4,front_knee_too_closed,back,6.2,0,1,0,0,0,0,yes,synthetic_v12 front_knee_too_closed
synth_v12_0624_oblique_rear_knee_too_closed.mp4,rear_knee_too_closed,oblique,6.2,0,0,1,0,0,0,yes,synthetic_v12 rear_knee_too_closed
synth_v12_0625_oblique_rear_knee_too_closed.mp4,rear_knee_too_closed,oblique,6.2,0,0,1,0,0,0,yes,synthetic_v12 rear_knee_too_closed
synth_v12_0626_side_occlusion_low_confidence.mp4,occlusion_low_confidence,side,4.5,0,0,0,0,0,0,yes,synthetic_v12 occlusion_low_confidence
synth_v12_0627_front_arms_crossing.mp4,arms_crossing,front,7.2,0,0,0,0,0,1,yes,synthetic_v12 arms_crossing
synth_v12_0628_side_front_knee_too_open.mp4,front_knee_too_open,side,6.2,0,1,0,0,0,0,yes,synthetic_v12 front_knee_too_open
synth_v12_0629_side_slow_exit.mp4,slow_exit,side,6.6,0,0,0,0,1,0,yes,synthetic_v12 slow_exit
synth_v12_0630_front_arms_crossing.mp4,arms_crossing,front,7.2,0,0,0,0,0,1,yes,synthetic_v12 arms_crossing
synth_v12_0631_side_left_hip_high.mp4,hip_high,side_left,6.5,0,0,0,1,0,0,yes,synthetic_v12 hip_high
synth_v12_0632_side_hip_high.mp4,hip_high,side,6.5,0,0,0,1,0,0,yes,synthetic_v12 hip_high
synth_v12_0633_side_first_step_too_short.mp4,first_step_too_short,side,6.6,0,0,0,0,1,0,yes,synthetic_v12 first_step_too_short
synth_v12_0634_front_rear_knee_too_open.mp4,rear_knee_too_open,front,6.2,0,0,1,0,0,0,yes,synthetic_v12 rear_knee_too_open
synth_v12_0635_oblique_head_lifts_early.mp4,head_lifts_early,oblique,9.0,0,0,0,0,0,0,yes,synthetic_v12 head_lifts_early
synth_v12_0636_unknown_bad_block_spacing.mp4,bad_block_spacing,unknown,6.2,0,1,1,0,0,0,yes,synthetic_v12 bad_block_spacing
synth_v12_0637_unknown_arms_crossing.mp4,arms_crossing,unknown,7.2,0,0,0,0,0,1,yes,synthetic_v12 arms_crossing
synth_v12_0638_front_standing_start_negative.mp4,standing_start_negative,front,4.5,0,0,0,0,0,0,yes,synthetic_v12 standing_start_negative
synth_v12_0639_side_front_knee_too_closed.mp4,front_knee_too_closed,side,6.2,0,1,0,0,0,0,yes,synthetic_v12 front_knee_too_closed
synth_v12_0640_back_bad_block_spacing.mp4,bad_block_spacing,back,6.2,0,1,1,0,0,0,yes,synthetic_v12 bad_block_spacing
synth_v12_0641_oblique_front_knee_too_open.mp4,front_knee_too_open,oblique,6.2,0,1,0,0,0,0,yes,synthetic_v12 front_knee_too_open
synth_v12_0642_oblique_hip_low.mp4,hip_low,oblique,6.5,0,0,0,1,0,0,yes,synthetic_v12 hip_low
synth_v12_0643_back_first_step_too_short.mp4,first_step_too_short,back,6.6,0,0,0,0,1,0,yes,synthetic_v12 first_step_too_short
synth_v12_0644_back_hip_high.mp4,hip_high,back,6.5,0,0,0,1,0,0,yes,synthetic_v12 hip_high
synth_v12_0645_side_good.mp4,good,side,9.0,0,0,0,0,0,0,yes,synthetic_v12 good
synth_v12_0646_unknown_body_too_low_drive.mp4,body_too_low_drive,unknown,9.0,0,0,0,0,0,0,yes,synthetic_v12 body_too_low_drive
synth_v12_0647_unknown_front_knee_too_closed.mp4,front_knee_too_closed,unknown,6.2,0,1,0,0,0,0,yes,synthetic_v12 front_knee_too_closed
synth_v12_0648_oblique_lateral_drift.mp4,lateral_drift,oblique,6.6,0,0,0,0,1,0,yes,synthetic_v12 lateral_drift
synth_v12_0649_oblique_hip_low.mp4,hip_low,oblique,6.5,0,0,0,1,0,0,yes,synthetic_v12 hip_low
synth_v12_0650_unknown_occlusion_low_confidence.mp4,occlusion_low_confidence,unknown,4.5,0,0,0,0,0,0,yes,synthetic_v12 occlusion_low_confidence
synth_v12_0651_side_left_front_knee_too_open.mp4,front_knee_too_open,side_left,6.2,0,1,0,0,0,0,yes,synthetic_v12 front_knee_too_open
synth_v12_0652_oblique_body_rises_early.mp4,body_rises_early,oblique,6.5,1,0,0,0,0,0,yes,synthetic_v12 body_rises_early
synth_v12_0653_back_standing_start_negative.mp4,standing_start_negative,back,4.5,0,0,0,0,0,0,yes,synthetic_v12 standing_start_negative
synth_v12_0654_oblique_hip_low.mp4,hip_low,oblique,6.5,0,0,0,1,0,0,yes,synthetic_v12 hip_low
synth_v12_0655_oblique_rear_knee_too_open.mp4,rear_knee_too_open,oblique,6.2,0,0,1,0,0,0,yes,synthetic_v12 rear_knee_too_open
synth_v12_0656_side_left_lateral_drift.mp4,lateral_drift,side_left,6.6,0,0,0,0,1,0,yes,synthetic_v12 lateral_drift
synth_v12_0657_oblique_good.mp4,good,oblique,9.0,0,0,0,0,0,0,yes,synthetic_v12 good
synth_v12_0658_side_first_step_too_short.mp4,first_step_too_short,side,6.6,0,0,0,0,1,0,yes,synthetic_v12 first_step_too_short
synth_v12_0659_unknown_good.mp4,good,unknown,9.0,0,0,0,0,0,0,yes,synthetic_v12 good
synth_v12_0660_oblique_standing_start_negative.mp4,standing_start_negative,oblique,4.5,0,0,0,0,0,0,yes,synthetic_v12 standing_start_negative
synth_v12_0661_back_front_knee_too_open.mp4,front_knee_too_open,back,6.2,0,1,0,0,0,0,yes,synthetic_v12 front_knee_too_open
synth_v12_0662_unknown_head_lifts_early.mp4,head_lifts_early,unknown,9.0,0,0,0,0,0,0,yes,synthetic_v12 head_lifts_early
synth_v12_0663_unknown_good.mp4,good,unknown,9.0,0,0,0,0,0,0,yes,synthetic_v12 good
synth_v12_0664_back_slow_exit.mp4,slow_exit,back,6.6,0,0,0,0,1,0,yes,synthetic_v12 slow_exit
synth_v12_0665_side_slow_exit.mp4,slow_exit,side,6.6,0,0,0,0,1,0,yes,synthetic_v12 slow_exit
synth_v12_0666_unknown_rear_knee_too_open.mp4,rear_knee_too_open,unknown,6.2,0,0,1,0,0,0,yes,synthetic_v12 rear_knee_too_open
synth_v12_0667_unknown_body_rises_early.mp4,body_rises_early,unknown,6.5,1,0,0,0,0,0,yes,synthetic_v12 body_rises_early
synth_v12_0668_side_head_lifts_early.mp4,head_lifts_early,side,9.0,0,0,0,0,0,0,yes,synthetic_v12 head_lifts_early
synth_v12_0669_side_front_knee_too_open.mp4,front_knee_too_open,side,6.2,0,1,0,0,0,0,yes,synthetic_v12 front_knee_too_open
synth_v12_0670_front_body_too_low_drive.mp4,body_too_low_drive,front,9.0,0,0,0,0,0,0,yes,synthetic_v12 body_too_low_drive
synth_v12_0671_front_first_step_too_short.mp4,first_step_too_short,front,6.6,0,0,0,0,1,0,yes,synthetic_v12 first_step_too_short
synth_v12_0672_side_left_first_step_overstride.mp4,first_step_overstride,side_left,6.6,0,0,0,0,1,0,yes,synthetic_v12 first_step_overstride
synth_v12_0673_unknown_front_knee_too_open.mp4,front_knee_too_open,unknown,6.2,0,1,0,0,0,0,yes,synthetic_v12 front_knee_too_open
synth_v12_0674_unknown_rear_knee_too_open.mp4,rear_knee_too_open,unknown,6.2,0,0,1,0,0,0,yes,synthetic_v12 rear_knee_too_open
synth_v12_0675_side_left_body_rises_early.mp4,body_rises_early,side_left,6.5,1,0,0,0,0,0,yes,synthetic_v12 body_rises_early
synth_v12_0676_side_lateral_drift.mp4,lateral_drift,side,6.6,0,0,0,0,1,0,yes,synthetic_v12 lateral_drift
synth_v12_0677_oblique_first_step_overstride.mp4,first_step_overstride,oblique,6.6,0,0,0,0,1,0,yes,synthetic_v12 first_step_overstride
synth_v12_0678_back_partial_video.mp4,partial_video,back,4.5,0,0,0,0,0,0,yes,synthetic_v12 partial_video
synth_v12_0679_back_partial_video.mp4,partial_video,back,4.5,0,0,0,0,0,0,yes,synthetic_v12 partial_video
synth_v12_0680_side_first_step_overstride.mp4,first_step_overstride,side,6.6,0,0,0,0,1,0,yes,synthetic_v12 first_step_overstride
synth_v12_0681_side_first_step_overstride.mp4,first_step_overstride,side,6.6,0,0,0,0,1,0,yes,synthetic_v12 first_step_overstride
synth_v12_0682_front_body_rises_early.mp4,body_rises_early,front,6.5,1,0,0,0,0,0,yes,synthetic_v12 body_rises_early
synth_v12_0683_front_no_block_start_negative.mp4,no_block_start_negative,front,4.5,0,0,0,0,0,0,yes,synthetic_v12 no_block_start_negative
synth_v12_0684_side_left_partial_video.mp4,partial_video,side_left,4.5,0,0,0,0,0,0,yes,synthetic_v12 partial_video
synth_v12_0685_back_standing_start_negative.mp4,standing_start_negative,back,4.5,0,0,0,0,0,0,yes,synthetic_v12 standing_start_negative
synth_v12_0686_side_left_front_knee_too_closed.mp4,front_knee_too_closed,side_left,6.2,0,1,0,0,0,0,yes,synthetic_v12 front_knee_too_closed
synth_v12_0687_oblique_no_block_start_negative.mp4,no_block_start_negative,oblique,4.5,0,0,0,0,0,0,yes,synthetic_v12 no_block_start_negative
synth_v12_0688_back_arms_crossing.mp4,arms_crossing,back,7.2,0,0,0,0,0,1,yes,synthetic_v12 arms_crossing
synth_v12_0689_back_bad_block_spacing.mp4,bad_block_spacing,back,6.2,0,1,1,0,0,0,yes,synthetic_v12 bad_block_spacing
synth_v12_0690_front_rear_knee_too_open.mp4,rear_knee_too_open,front,6.2,0,0,1,0,0,0,yes,synthetic_v12 rear_knee_too_open
synth_v12_0691_unknown_bad_block_spacing.mp4,bad_block_spacing,unknown,6.2,0,1,1,0,0,0,yes,synthetic_v12 bad_block_spacing
synth_v12_0692_front_body_too_low_drive.mp4,body_too_low_drive,front,9.0,0,0,0,0,0,0,yes,synthetic_v12 body_too_low_drive
synth_v12_0693_side_partial_video.mp4,partial_video,side,4.5,0,0,0,0,0,0,yes,synthetic_v12 partial_video
synth_v12_0694_unknown_front_knee_too_open.mp4,front_knee_too_open,unknown,6.2,0,1,0,0,0,0,yes,synthetic_v12 front_knee_too_open
synth_v12_0695_oblique_front_knee_too_closed.mp4,front_knee_too_closed,oblique,6.2,0,1,0,0,0,0,yes,synthetic_v12 front_knee_too_closed
synth_v12_0696_unknown_head_lifts_early.mp4,head_lifts_early,unknown,9.0,0,0,0,0,0,0,yes,synthetic_v12 head_lifts_early
synth_v12_0697_back_head_lifts_early.mp4,head_lifts_early,back,9.0,0,0,0,0,0,0,yes,synthetic_v12 head_lifts_early
synth_v12_0698_front_first_step_too_short.mp4,first_step_too_short,front,6.6,0,0,0,0,1,0,yes,synthetic_v12 first_step_too_short
synth_v12_0699_unknown_arms_crossing.mp4,arms_crossing,unknown,7.2,0,0,0,0,0,1,yes,synthetic_v12 arms_crossing
synth_v12_0700_side_hip_high.mp4,hip_high,side,6.5,0,0,0,1,0,0,yes,synthetic_v12 hip_high
synth_v12_0701_side_no_block_start_negative.mp4,no_block_start_negative,side,4.5,0,0,0,0,0,0,yes,synthetic_v12 no_block_start_negative
synth_v12_0702_oblique_front_knee_too_open.mp4,front_knee_too_open,oblique,6.2,0,1,0,0,0,0,yes,synthetic_v12 front_knee_too_open
synth_v12_0703_front_occlusion_low_confidence.mp4,occlusion_low_confidence,front,4.5,0,0,0,0,0,0,yes,synthetic_v12 occlusion_low_confidence
synth_v12_0704_oblique_hip_high.mp4,hip_high,oblique,6.5,0,0,0,1,0,0,yes,synthetic_v12 hip_high
synth_v12_0705_oblique_rear_knee_too_closed.mp4,rear_knee_too_closed,oblique,6.2,0,0,1,0,0,0,yes,synthetic_v12 rear_knee_too_closed
synth_v12_0706_side_arms_crossing.mp4,arms_crossing,side,7.2,0,0,0,0,0,1,yes,synthetic_v12 arms_crossing
synth_v12_0707_side_body_rises_early.mp4,body_rises_early,side,6.5,1,0,0,0,0,0,yes,synthetic_v12 body_rises_early
synth_v12_0708_side_left_body_rises_early.mp4,body_rises_early,side_left,6.5,1,0,0,0,0,0,yes,synthetic_v12 body_rises_early
synth_v12_0709_unknown_first_step_too_short.mp4,first_step_too_short,unknown,6.6,0,0,0,0,1,0,yes,synthetic_v12 first_step_too_short
synth_v12_0710_back_bad_block_spacing.mp4,bad_block_spacing,back,6.2,0,1,1,0,0,0,yes,synthetic_v12 bad_block_spacing
synth_v12_0711_oblique_partial_video.mp4,partial_video,oblique,4.5,0,0,0,0,0,0,yes,synthetic_v12 partial_video
synth_v12_0712_side_left_body_too_low_drive.mp4,body_too_low_drive,side_left,9.0,0,0,0,0,0,0,yes,synthetic_v12 body_too_low_drive
synth_v12_0713_side_left_slow_exit.mp4,slow_exit,side_left,6.6,0,0,0,0,1,0,yes,synthetic_v12 slow_exit
synth_v12_0714_front_good.mp4,good,front,9.0,0,0,0,0,0,0,yes,synthetic_v12 good
synth_v12_0715_front_rear_knee_too_closed.mp4,rear_knee_too_closed,front,6.2,0,0,1,0,0,0,yes,synthetic_v12 rear_knee_too_closed
synth_v12_0716_back_standing_start_negative.mp4,standing_start_negative,back,4.5,0,0,0,0,0,0,yes,synthetic_v12 standing_start_negative
synth_v12_0717_unknown_first_step_overstride.mp4,first_step_overstride,unknown,6.6,0,0,0,0,1,0,yes,synthetic_v12 first_step_overstride
synth_v12_0718_side_front_knee_too_open.mp4,front_knee_too_open,side,6.2,0,1,0,0,0,0,yes,synthetic_v12 front_knee_too_open
synth_v12_0719_oblique_bad_block_spacing.mp4,bad_block_spacing,oblique,6.2,0,1,1,0,0,0,yes,synthetic_v12 bad_block_spacing
synth_v12_0720_front_first_step_overstride.mp4,first_step_overstride,front,6.6,0,0,0,0,1,0,yes,synthetic_v12 first_step_overstride
synth_v12_0721_unknown_good.mp4,good,unknown,9.0,0,0,0,0,0,0,yes,synthetic_v12 good
synth_v12_0722_back_bad_block_spacing.mp4,bad_block_spacing,back,6.2,0,1,1,0,0,0,yes,synthetic_v12 bad_block_spacing
synth_v12_0723_oblique_slow_exit.mp4,slow_exit,oblique,6.6,0,0,0,0,1,0,yes,synthetic_v12 slow_exit
synth_v12_0724_back_bad_block_spacing.mp4,bad_block_spacing,back,6.2,0,1,1,0,0,0,yes,synthetic_v12 bad_block_spacing
synth_v12_0725_side_left_bad_block_spacing.mp4,bad_block_spacing,side_left,6.2,0,1,1,0,0,0,yes,synthetic_v12 bad_block_spacing
synth_v12_0726_side_partial_video.mp4,partial_video,side,4.5,0,0,0,0,0,0,yes,synthetic_v12 partial_video
synth_v12_0727_side_standing_start_negative.mp4,standing_start_negative,side,4.5,0,0,0,0,0,0,yes,synthetic_v12 standing_start_negative
synth_v12_0728_side_left_good.mp4,good,side_left,9.0,0,0,0,0,0,0,yes,synthetic_v12 good
synth_v12_0729_side_left_front_knee_too_closed.mp4,front_knee_too_closed,side_left,6.2,0,1,0,0,0,0,yes,synthetic_v12 front_knee_too_closed
synth_v12_0730_front_hip_high.mp4,hip_high,front,6.5,0,0,0,1,0,0,yes,synthetic_v12 hip_high
synth_v12_0731_side_lateral_drift.mp4,lateral_drift,side,6.6,0,0,0,0,1,0,yes,synthetic_v12 lateral_drift
synth_v12_0732_oblique_hip_high.mp4,hip_high,oblique,6.5,0,0,0,1,0,0,yes,synthetic_v12 hip_high
synth_v12_0733_back_occlusion_low_confidence.mp4,occlusion_low_confidence,back,4.5,0,0,0,0,0,0,yes,synthetic_v12 occlusion_low_confidence
synth_v12_0734_oblique_head_lifts_early.mp4,head_lifts_early,oblique,9.0,0,0,0,0,0,0,yes,synthetic_v12 head_lifts_early
synth_v12_0735_front_bad_block_spacing.mp4,bad_block_spacing,front,6.2,0,1,1,0,0,0,yes,synthetic_v12 bad_block_spacing
synth_v12_0736_unknown_rear_knee_too_open.mp4,rear_knee_too_open,unknown,6.2,0,0,1,0,0,0,yes,synthetic_v12 rear_knee_too_open
synth_v12_0737_back_partial_video.mp4,partial_video,back,4.5,0,0,0,0,0,0,yes,synthetic_v12 partial_video
synth_v12_0738_back_arms_crossing.mp4,arms_crossing,back,7.2,0,0,0,0,0,1,yes,synthetic_v12 arms_crossing
synth_v12_0739_back_standing_start_negative.mp4,standing_start_negative,back,4.5,0,0,0,0,0,0,yes,synthetic_v12 standing_start_negative
synth_v12_0740_side_left_hip_low.mp4,hip_low,side_left,6.5,0,0,0,1,0,0,yes,synthetic_v12 hip_low
synth_v12_0741_front_good.mp4,good,front,9.0,0,0,0,0,0,0,yes,synthetic_v12 good
synth_v12_0742_back_no_block_start_negative.mp4,no_block_start_negative,back,4.5,0,0,0,0,0,0,yes,synthetic_v12 no_block_start_negative
synth_v12_0743_side_occlusion_low_confidence.mp4,occlusion_low_confidence,side,4.5,0,0,0,0,0,0,yes,synthetic_v12 occlusion_low_confidence
synth_v12_0744_back_body_too_low_drive.mp4,body_too_low_drive,back,9.0,0,0,0,0,0,0,yes,synthetic_v12 body_too_low_drive
synth_v12_0745_unknown_head_lifts_early.mp4,head_lifts_early,unknown,9.0,0,0,0,0,0,0,yes,synthetic_v12 head_lifts_early
synth_v12_0746_side_front_knee_too_closed.mp4,front_knee_too_closed,side,6.2,0,1,0,0,0,0,yes,synthetic_v12 front_knee_too_closed
synth_v12_0747_back_head_lifts_early.mp4,head_lifts_early,back,9.0,0,0,0,0,0,0,yes,synthetic_v12 head_lifts_early
synth_v12_0748_back_hip_high.mp4,hip_high,back,6.5,0,0,0,1,0,0,yes,synthetic_v12 hip_high
synth_v12_0749_back_body_too_low_drive.mp4,body_too_low_drive,back,9.0,0,0,0,0,0,0,yes,synthetic_v12 body_too_low_drive
synth_v12_0750_front_lateral_drift.mp4,lateral_drift,front,6.6,0,0,0,0,1,0,yes,synthetic_v12 lateral_drift
synth_v12_0751_oblique_bad_block_spacing.mp4,bad_block_spacing,oblique,6.2,0,1,1,0,0,0,yes,synthetic_v12 bad_block_spacing
synth_v12_0752_front_head_lifts_early.mp4,head_lifts_early,front,9.0,0,0,0,0,0,0,yes,synthetic_v12 head_lifts_early
synth_v12_0753_side_front_knee_too_open.mp4,front_knee_too_open,side,6.2,0,1,0,0,0,0,yes,synthetic_v12 front_knee_too_open
synth_v12_0754_front_body_rises_early.mp4,body_rises_early,front,6.5,1,0,0,0,0,0,yes,synthetic_v12 body_rises_early
synth_v12_0755_side_standing_start_negative.mp4,standing_start_negative,side,4.5,0,0,0,0,0,0,yes,synthetic_v12 standing_start_negative
synth_v12_0756_oblique_body_too_low_drive.mp4,body_too_low_drive,oblique,9.0,0,0,0,0,0,0,yes,synthetic_v12 body_too_low_drive
synth_v12_0757_front_good.mp4,good,front,9.0,0,0,0,0,0,0,yes,synthetic_v12 good
synth_v12_0758_front_front_knee_too_closed.mp4,front_knee_too_closed,front,6.2,0,1,0,0,0,0,yes,synthetic_v12 front_knee_too_closed
synth_v12_0759_unknown_slow_exit.mp4,slow_exit,unknown,6.6,0,0,0,0,1,0,yes,synthetic_v12 slow_exit
synth_v12_0760_front_arms_crossing.mp4,arms_crossing,front,7.2,0,0,0,0,0,1,yes,synthetic_v12 arms_crossing
synth_v12_0761_back_body_rises_early.mp4,body_rises_early,back,6.5,1,0,0,0,0,0,yes,synthetic_v12 body_rises_early
synth_v12_0762_side_left_first_step_too_short.mp4,first_step_too_short,side_left,6.6,0,0,0,0,1,0,yes,synthetic_v12 first_step_too_short
synth_v12_0763_side_slow_exit.mp4,slow_exit,side,6.6,0,0,0,0,1,0,yes,synthetic_v12 slow_exit
synth_v12_0764_front_no_block_start_negative.mp4,no_block_start_negative,front,4.5,0,0,0,0,0,0,yes,synthetic_v12 no_block_start_negative
synth_v12_0765_front_no_block_start_negative.mp4,no_block_start_negative,front,4.5,0,0,0,0,0,0,yes,synthetic_v12 no_block_start_negative
synth_v12_0766_side_no_block_start_negative.mp4,no_block_start_negative,side,4.5,0,0,0,0,0,0,yes,synthetic_v12 no_block_start_negative
synth_v12_0767_back_partial_video.mp4,partial_video,back,4.5,0,0,0,0,0,0,yes,synthetic_v12 partial_video
synth_v12_0768_side_left_hip_low.mp4,hip_low,side_left,6.5,0,0,0,1,0,0,yes,synthetic_v12 hip_low
synth_v12_0769_back_slow_exit.mp4,slow_exit,back,6.6,0,0,0,0,1,0,yes,synthetic_v12 slow_exit
synth_v12_0770_side_left_body_too_low_drive.mp4,body_too_low_drive,side_left,9.0,0,0,0,0,0,0,yes,synthetic_v12 body_too_low_drive
synth_v12_0771_front_hip_low.mp4,hip_low,front,6.5,0,0,0,1,0,0,yes,synthetic_v12 hip_low
synth_v12_0772_front_hip_low.mp4,hip_low,front,6.5,0,0,0,1,0,0,yes,synthetic_v12 hip_low
synth_v12_0773_oblique_rear_knee_too_open.mp4,rear_knee_too_open,oblique,6.2,0,0,1,0,0,0,yes,synthetic_v12 rear_knee_too_open
synth_v12_0774_front_head_lifts_early.mp4,head_lifts_early,front,9.0,0,0,0,0,0,0,yes,synthetic_v12 head_lifts_early
synth_v12_0775_unknown_standing_start_negative.mp4,standing_start_negative,unknown,4.5,0,0,0,0,0,0,yes,synthetic_v12 standing_start_negative
synth_v12_0776_side_left_slow_exit.mp4,slow_exit,side_left,6.6,0,0,0,0,1,0,yes,synthetic_v12 slow_exit
synth_v12_0777_back_occlusion_low_confidence.mp4,occlusion_low_confidence,back,4.5,0,0,0,0,0,0,yes,synthetic_v12 occlusion_low_confidence
synth_v12_0778_front_hip_low.mp4,hip_low,front,6.5,0,0,0,1,0,0,yes,synthetic_v12 hip_low
synth_v12_0779_unknown_standing_start_negative.mp4,standing_start_negative,unknown,4.5,0,0,0,0,0,0,yes,synthetic_v12 standing_start_negative
synth_v12_0780_back_front_knee_too_open.mp4,front_knee_too_open,back,6.2,0,1,0,0,0,0,yes,synthetic_v12 front_knee_too_open
synth_v12_0781_front_lateral_drift.mp4,lateral_drift,front,6.6,0,0,0,0,1,0,yes,synthetic_v12 lateral_drift
synth_v12_0782_side_body_rises_early.mp4,body_rises_early,side,6.5,1,0,0,0,0,0,yes,synthetic_v12 body_rises_early
synth_v12_0783_oblique_front_knee_too_open.mp4,front_knee_too_open,oblique,6.2,0,1,0,0,0,0,yes,synthetic_v12 front_knee_too_open
synth_v12_0784_side_hip_low.mp4,hip_low,side,6.5,0,0,0,1,0,0,yes,synthetic_v12 hip_low
synth_v12_0785_side_left_good.mp4,good,side_left,9.0,0,0,0,0,0,0,yes,synthetic_v12 good
synth_v12_0786_side_good.mp4,good,side,9.0,0,0,0,0,0,0,yes,synthetic_v12 good
synth_v12_0787_side_left_front_knee_too_open.mp4,front_knee_too_open,side_left,6.2,0,1,0,0,0,0,yes,synthetic_v12 front_knee_too_open
synth_v12_0788_back_partial_video.mp4,partial_video,back,4.5,0,0,0,0,0,0,yes,synthetic_v12 partial_video
synth_v12_0789_back_body_rises_early.mp4,body_rises_early,back,6.5,1,0,0,0,0,0,yes,synthetic_v12 body_rises_early
synth_v12_0790_back_no_block_start_negative.mp4,no_block_start_negative,back,4.5,0,0,0,0,0,0,yes,synthetic_v12 no_block_start_negative
synth_v12_0791_side_left_hip_low.mp4,hip_low,side_left,6.5,0,0,0,1,0,0,yes,synthetic_v12 hip_low
synth_v12_0792_side_occlusion_low_confidence.mp4,occlusion_low_confidence,side,4.5,0,0,0,0,0,0,yes,synthetic_v12 occlusion_low_confidence
synth_v12_0793_unknown_hip_high.mp4,hip_high,unknown,6.5,0,0,0,1,0,0,yes,synthetic_v12 hip_high
synth_v12_0794_unknown_head_lifts_early.mp4,head_lifts_early,unknown,9.0,0,0,0,0,0,0,yes,synthetic_v12 head_lifts_early
synth_v12_0795_oblique_occlusion_low_confidence.mp4,occlusion_low_confidence,oblique,4.5,0,0,0,0,0,0,yes,synthetic_v12 occlusion_low_confidence
synth_v12_0796_side_front_knee_too_closed.mp4,front_knee_too_closed,side,6.2,0,1,0,0,0,0,yes,synthetic_v12 front_knee_too_closed
synth_v12_0797_side_rear_knee_too_open.mp4,rear_knee_too_open,side,6.2,0,0,1,0,0,0,yes,synthetic_v12 rear_knee_too_open
synth_v12_0798_front_partial_video.mp4,partial_video,front,4.5,0,0,0,0,0,0,yes,synthetic_v12 partial_video
synth_v12_0799_front_arms_crossing.mp4,arms_crossing,front,7.2,0,0,0,0,0,1,yes,synthetic_v12 arms_crossing
synth_v12_0800_side_left_rear_knee_too_closed.mp4,rear_knee_too_closed,side_left,6.2,0,0,1,0,0,0,yes,synthetic_v12 rear_knee_too_closed
synth_v12_0801_unknown_lateral_drift.mp4,lateral_drift,unknown,6.6,0,0,0,0,1,0,yes,synthetic_v12 lateral_drift
synth_v12_0802_back_no_block_start_negative.mp4,no_block_start_negative,back,4.5,0,0,0,0,0,0,yes,synthetic_v12 no_block_start_negative
synth_v12_0803_unknown_hip_high.mp4,hip_high,unknown,6.5,0,0,0,1,0,0,yes,synthetic_v12 hip_high
synth_v12_0804_side_no_block_start_negative.mp4,no_block_start_negative,side,4.5,0,0,0,0,0,0,yes,synthetic_v12 no_block_start_negative
synth_v12_0805_back_body_too_low_drive.mp4,body_too_low_drive,back,9.0,0,0,0,0,0,0,yes,synthetic_v12 body_too_low_drive
synth_v12_0806_front_standing_start_negative.mp4,standing_start_negative,front,4.5,0,0,0,0,0,0,yes,synthetic_v12 standing_start_negative
synth_v12_0807_back_first_step_too_short.mp4,first_step_too_short,back,6.6,0,0,0,0,1,0,yes,synthetic_v12 first_step_too_short
synth_v12_0808_oblique_head_lifts_early.mp4,head_lifts_early,oblique,9.0,0,0,0,0,0,0,yes,synthetic_v12 head_lifts_early
synth_v12_0809_front_hip_low.mp4,hip_low,front,6.5,0,0,0,1,0,0,yes,synthetic_v12 hip_low
synth_v12_0810_front_body_rises_early.mp4,body_rises_early,front,6.5,1,0,0,0,0,0,yes,synthetic_v12 body_rises_early
synth_v12_0811_side_first_step_overstride.mp4,first_step_overstride,side,6.6,0,0,0,0,1,0,yes,synthetic_v12 first_step_overstride
synth_v12_0812_oblique_front_knee_too_closed.mp4,front_knee_too_closed,oblique,6.2,0,1,0,0,0,0,yes,synthetic_v12 front_knee_too_closed
synth_v12_0813_side_left_rear_knee_too_closed.mp4,rear_knee_too_closed,side_left,6.2,0,0,1,0,0,0,yes,synthetic_v12 rear_knee_too_closed
synth_v12_0814_oblique_head_lifts_early.mp4,head_lifts_early,oblique,9.0,0,0,0,0,0,0,yes,synthetic_v12 head_lifts_early
synth_v12_0815_unknown_rear_knee_too_open.mp4,rear_knee_too_open,unknown,6.2,0,0,1,0,0,0,yes,synthetic_v12 rear_knee_too_open
synth_v12_0816_back_lateral_drift.mp4,lateral_drift,back,6.6,0,0,0,0,1,0,yes,synthetic_v12 lateral_drift
synth_v12_0817_side_lateral_drift.mp4,lateral_drift,side,6.6,0,0,0,0,1,0,yes,synthetic_v12 lateral_drift
synth_v12_0818_back_front_knee_too_open.mp4,front_knee_too_open,back,6.2,0,1,0,0,0,0,yes,synthetic_v12 front_knee_too_open
synth_v12_0819_back_no_block_start_negative.mp4,no_block_start_negative,back,4.5,0,0,0,0,0,0,yes,synthetic_v12 no_block_start_negative
synth_v12_0820_oblique_partial_video.mp4,partial_video,oblique,4.5,0,0,0,0,0,0,yes,synthetic_v12 partial_video
synth_v12_0821_oblique_standing_start_negative.mp4,standing_start_negative,oblique,4.5,0,0,0,0,0,0,yes,synthetic_v12 standing_start_negative
synth_v12_0822_side_good.mp4,good,side,9.0,0,0,0,0,0,0,yes,synthetic_v12 good
synth_v12_0823_front_partial_video.mp4,partial_video,front,4.5,0,0,0,0,0,0,yes,synthetic_v12 partial_video
synth_v12_0824_front_front_knee_too_closed.mp4,front_knee_too_closed,front,6.2,0,1,0,0,0,0,yes,synthetic_v12 front_knee_too_closed
synth_v12_0825_unknown_slow_exit.mp4,slow_exit,unknown,6.6,0,0,0,0,1,0,yes,synthetic_v12 slow_exit
synth_v12_0826_front_front_knee_too_open.mp4,front_knee_too_open,front,6.2,0,1,0,0,0,0,yes,synthetic_v12 front_knee_too_open
synth_v12_0827_front_first_step_too_short.mp4,first_step_too_short,front,6.6,0,0,0,0,1,0,yes,synthetic_v12 first_step_too_short
synth_v12_0828_side_hip_low.mp4,hip_low,side,6.5,0,0,0,1,0,0,yes,synthetic_v12 hip_low
synth_v12_0829_oblique_arms_crossing.mp4,arms_crossing,oblique,7.2,0,0,0,0,0,1,yes,synthetic_v12 arms_crossing
synth_v12_0830_front_bad_block_spacing.mp4,bad_block_spacing,front,6.2,0,1,1,0,0,0,yes,synthetic_v12 bad_block_spacing
synth_v12_0831_side_good.mp4,good,side,9.0,0,0,0,0,0,0,yes,synthetic_v12 good
synth_v12_0832_oblique_partial_video.mp4,partial_video,oblique,4.5,0,0,0,0,0,0,yes,synthetic_v12 partial_video
synth_v12_0833_back_hip_high.mp4,hip_high,back,6.5,0,0,0,1,0,0,yes,synthetic_v12 hip_high
synth_v12_0834_side_left_good.mp4,good,side_left,9.0,0,0,0,0,0,0,yes,synthetic_v12 good
synth_v12_0835_side_first_step_overstride.mp4,first_step_overstride,side,6.6,0,0,0,0,1,0,yes,synthetic_v12 first_step_overstride
synth_v12_0836_front_first_step_too_short.mp4,first_step_too_short,front,6.6,0,0,0,0,1,0,yes,synthetic_v12 first_step_too_short
synth_v12_0837_front_hip_low.mp4,hip_low,front,6.5,0,0,0,1,0,0,yes,synthetic_v12 hip_low
synth_v12_0838_oblique_occlusion_low_confidence.mp4,occlusion_low_confidence,oblique,4.5,0,0,0,0,0,0,yes,synthetic_v12 occlusion_low_confidence
synth_v12_0839_side_left_standing_start_negative.mp4,standing_start_negative,side_left,4.5,0,0,0,0,0,0,yes,synthetic_v12 standing_start_negative
synth_v12_0840_front_standing_start_negative.mp4,standing_start_negative,front,4.5,0,0,0,0,0,0,yes,synthetic_v12 standing_start_negative
synth_v12_0841_unknown_hip_low.mp4,hip_low,unknown,6.5,0,0,0,1,0,0,yes,synthetic_v12 hip_low
synth_v12_0842_oblique_bad_block_spacing.mp4,bad_block_spacing,oblique,6.2,0,1,1,0,0,0,yes,synthetic_v12 bad_block_spacing
synth_v12_0843_oblique_bad_block_spacing.mp4,bad_block_spacing,oblique,6.2,0,1,1,0,0,0,yes,synthetic_v12 bad_block_spacing
synth_v12_0844_oblique_no_block_start_negative.mp4,no_block_start_negative,oblique,4.5,0,0,0,0,0,0,yes,synthetic_v12 no_block_start_negative
synth_v12_0845_oblique_good.mp4,good,oblique,9.0,0,0,0,0,0,0,yes,synthetic_v12 good
synth_v12_0846_oblique_slow_exit.mp4,slow_exit,oblique,6.6,0,0,0,0,1,0,yes,synthetic_v12 slow_exit
synth_v12_0847_oblique_rear_knee_too_open.mp4,rear_knee_too_open,oblique,6.2,0,0,1,0,0,0,yes,synthetic_v12 rear_knee_too_open
synth_v12_0848_unknown_arms_crossing.mp4,arms_crossing,unknown,7.2,0,0,0,0,0,1,yes,synthetic_v12 arms_crossing
synth_v12_0849_oblique_no_block_start_negative.mp4,no_block_start_negative,oblique,4.5,0,0,0,0,0,0,yes,synthetic_v12 no_block_start_negative
synth_v12_0850_side_occlusion_low_confidence.mp4,occlusion_low_confidence,side,4.5,0,0,0,0,0,0,yes,synthetic_v12 occlusion_low_confidence
synth_v12_0851_front_body_rises_early.mp4,body_rises_early,front,6.5,1,0,0,0,0,0,yes,synthetic_v12 body_rises_early
synth_v12_0852_unknown_no_block_start_negative.mp4,no_block_start_negative,unknown,4.5,0,0,0,0,0,0,yes,synthetic_v12 no_block_start_negative
synth_v12_0853_side_left_standing_start_negative.mp4,standing_start_negative,side_left,4.5,0,0,0,0,0,0,yes,synthetic_v12 standing_start_negative
synth_v12_0854_oblique_standing_start_negative.mp4,standing_start_negative,oblique,4.5,0,0,0,0,0,0,yes,synthetic_v12 standing_start_negative
synth_v12_0855_oblique_good.mp4,good,oblique,9.0,0,0,0,0,0,0,yes,synthetic_v12 good
synth_v12_0856_side_left_first_step_too_short.mp4,first_step_too_short,side_left,6.6,0,0,0,0,1,0,yes,synthetic_v12 first_step_too_short
synth_v12_0857_side_bad_block_spacing.mp4,bad_block_spacing,side,6.2,0,1,1,0,0,0,yes,synthetic_v12 bad_block_spacing
synth_v12_0858_side_left_no_block_start_negative.mp4,no_block_start_negative,side_left,4.5,0,0,0,0,0,0,yes,synthetic_v12 no_block_start_negative
synth_v12_0859_front_head_lifts_early.mp4,head_lifts_early,front,9.0,0,0,0,0,0,0,yes,synthetic_v12 head_lifts_early
synth_v12_0860_back_occlusion_low_confidence.mp4,occlusion_low_confidence,back,4.5,0,0,0,0,0,0,yes,synthetic_v12 occlusion_low_confidence
synth_v12_0861_back_front_knee_too_closed.mp4,front_knee_too_closed,back,6.2,0,1,0,0,0,0,yes,synthetic_v12 front_knee_too_closed
synth_v12_0862_unknown_first_step_overstride.mp4,first_step_overstride,unknown,6.6,0,0,0,0,1,0,yes,synthetic_v12 first_step_overstride
synth_v12_0863_back_head_lifts_early.mp4,head_lifts_early,back,9.0,0,0,0,0,0,0,yes,synthetic_v12 head_lifts_early
synth_v12_0864_back_body_rises_early.mp4,body_rises_early,back,6.5,1,0,0,0,0,0,yes,synthetic_v12 body_rises_early
synth_v12_0865_unknown_occlusion_low_confidence.mp4,occlusion_low_confidence,unknown,4.5,0,0,0,0,0,0,yes,synthetic_v12 occlusion_low_confidence
synth_v12_0866_front_slow_exit.mp4,slow_exit,front,6.6,0,0,0,0,1,0,yes,synthetic_v12 slow_exit
synth_v12_0867_front_hip_high.mp4,hip_high,front,6.5,0,0,0,1,0,0,yes,synthetic_v12 hip_high
synth_v12_0868_side_left_rear_knee_too_open.mp4,rear_knee_too_open,side_left,6.2,0,0,1,0,0,0,yes,synthetic_v12 rear_knee_too_open
synth_v12_0869_side_first_step_overstride.mp4,first_step_overstride,side,6.6,0,0,0,0,1,0,yes,synthetic_v12 first_step_overstride
synth_v12_0870_unknown_body_rises_early.mp4,body_rises_early,unknown,6.5,1,0,0,0,0,0,yes,synthetic_v12 body_rises_early
synth_v12_0871_unknown_front_knee_too_closed.mp4,front_knee_too_closed,unknown,6.2,0,1,0,0,0,0,yes,synthetic_v12 front_knee_too_closed
synth_v12_0872_oblique_bad_block_spacing.mp4,bad_block_spacing,oblique,6.2,0,1,1,0,0,0,yes,synthetic_v12 bad_block_spacing
synth_v12_0873_oblique_occlusion_low_confidence.mp4,occlusion_low_confidence,oblique,4.5,0,0,0,0,0,0,yes,synthetic_v12 occlusion_low_confidence
synth_v12_0874_unknown_head_lifts_early.mp4,head_lifts_early,unknown,9.0,0,0,0,0,0,0,yes,synthetic_v12 head_lifts_early
synth_v12_0875_back_head_lifts_early.mp4,head_lifts_early,back,9.0,0,0,0,0,0,0,yes,synthetic_v12 head_lifts_early
synth_v12_0876_unknown_rear_knee_too_open.mp4,rear_knee_too_open,unknown,6.2,0,0,1,0,0,0,yes,synthetic_v12 rear_knee_too_open
synth_v12_0877_oblique_body_too_low_drive.mp4,body_too_low_drive,oblique,9.0,0,0,0,0,0,0,yes,synthetic_v12 body_too_low_drive
synth_v12_0878_front_hip_low.mp4,hip_low,front,6.5,0,0,0,1,0,0,yes,synthetic_v12 hip_low
synth_v12_0879_side_left_front_knee_too_closed.mp4,front_knee_too_closed,side_left,6.2,0,1,0,0,0,0,yes,synthetic_v12 front_knee_too_closed
synth_v12_0880_front_first_step_overstride.mp4,first_step_overstride,front,6.6,0,0,0,0,1,0,yes,synthetic_v12 first_step_overstride
synth_v12_0881_side_front_knee_too_open.mp4,front_knee_too_open,side,6.2,0,1,0,0,0,0,yes,synthetic_v12 front_knee_too_open
synth_v12_0882_oblique_head_lifts_early.mp4,head_lifts_early,oblique,9.0,0,0,0,0,0,0,yes,synthetic_v12 head_lifts_early
synth_v12_0883_oblique_body_too_low_drive.mp4,body_too_low_drive,oblique,9.0,0,0,0,0,0,0,yes,synthetic_v12 body_too_low_drive
synth_v12_0884_front_body_too_low_drive.mp4,body_too_low_drive,front,9.0,0,0,0,0,0,0,yes,synthetic_v12 body_too_low_drive
synth_v12_0885_back_standing_start_negative.mp4,standing_start_negative,back,4.5,0,0,0,0,0,0,yes,synthetic_v12 standing_start_negative
synth_v12_0886_back_partial_video.mp4,partial_video,back,4.5,0,0,0,0,0,0,yes,synthetic_v12 partial_video
synth_v12_0887_oblique_arms_crossing.mp4,arms_crossing,oblique,7.2,0,0,0,0,0,1,yes,synthetic_v12 arms_crossing
synth_v12_0888_oblique_hip_high.mp4,hip_high,oblique,6.5,0,0,0,1,0,0,yes,synthetic_v12 hip_high
synth_v12_0889_side_partial_video.mp4,partial_video,side,4.5,0,0,0,0,0,0,yes,synthetic_v12 partial_video
synth_v12_0890_side_left_occlusion_low_confidence.mp4,occlusion_low_confidence,side_left,4.5,0,0,0,0,0,0,yes,synthetic_v12 occlusion_low_confidence
synth_v12_0891_side_body_too_low_drive.mp4,body_too_low_drive,side,9.0,0,0,0,0,0,0,yes,synthetic_v12 body_too_low_drive
synth_v12_0892_side_left_hip_high.mp4,hip_high,side_left,6.5,0,0,0,1,0,0,yes,synthetic_v12 hip_high
synth_v12_0893_oblique_hip_low.mp4,hip_low,oblique,6.5,0,0,0,1,0,0,yes,synthetic_v12 hip_low
synth_v12_0894_back_head_lifts_early.mp4,head_lifts_early,back,9.0,0,0,0,0,0,0,yes,synthetic_v12 head_lifts_early
synth_v12_0895_unknown_body_too_low_drive.mp4,body_too_low_drive,unknown,9.0,0,0,0,0,0,0,yes,synthetic_v12 body_too_low_drive
synth_v12_0896_unknown_good.mp4,good,unknown,9.0,0,0,0,0,0,0,yes,synthetic_v12 good
synth_v12_0897_side_left_slow_exit.mp4,slow_exit,side_left,6.6,0,0,0,0,1,0,yes,synthetic_v12 slow_exit
synth_v12_0898_front_occlusion_low_confidence.mp4,occlusion_low_confidence,front,4.5,0,0,0,0,0,0,yes,synthetic_v12 occlusion_low_confidence
synth_v12_0899_side_left_hip_high.mp4,hip_high,side_left,6.5,0,0,0,1,0,0,yes,synthetic_v12 hip_high
synth_v12_0900_front_head_lifts_early.mp4,head_lifts_early,front,9.0,0,0,0,0,0,0,yes,synthetic_v12 head_lifts_early
synth_v12_0901_unknown_standing_start_negative.mp4,standing_start_negative,unknown,4.5,0,0,0,0,0,0,yes,synthetic_v12 standing_start_negative
synth_v12_0902_side_body_rises_early.mp4,body_rises_early,side,6.5,1,0,0,0,0,0,yes,synthetic_v12 body_rises_early
synth_v12_0903_back_partial_video.mp4,partial_video,back,4.5,0,0,0,0,0,0,yes,synthetic_v12 partial_video
synth_v12_0904_front_rear_knee_too_open.mp4,rear_knee_too_open,front,6.2,0,0,1,0,0,0,yes,synthetic_v12 rear_knee_too_open
synth_v12_0905_oblique_front_knee_too_open.mp4,front_knee_too_open,oblique,6.2,0,1,0,0,0,0,yes,synthetic_v12 front_knee_too_open
synth_v12_0906_oblique_bad_block_spacing.mp4,bad_block_spacing,oblique,6.2,0,1,1,0,0,0,yes,synthetic_v12 bad_block_spacing
synth_v12_0907_oblique_occlusion_low_confidence.mp4,occlusion_low_confidence,oblique,4.5,0,0,0,0,0,0,yes,synthetic_v12 occlusion_low_confidence
synth_v12_0908_side_rear_knee_too_closed.mp4,rear_knee_too_closed,side,6.2,0,0,1,0,0,0,yes,synthetic_v12 rear_knee_too_closed
synth_v12_0909_back_front_knee_too_open.mp4,front_knee_too_open,back,6.2,0,1,0,0,0,0,yes,synthetic_v12 front_knee_too_open
synth_v12_0910_side_left_occlusion_low_confidence.mp4,occlusion_low_confidence,side_left,4.5,0,0,0,0,0,0,yes,synthetic_v12 occlusion_low_confidence
synth_v12_0911_side_left_hip_low.mp4,hip_low,side_left,6.5,0,0,0,1,0,0,yes,synthetic_v12 hip_low
synth_v12_0912_side_left_hip_low.mp4,hip_low,side_left,6.5,0,0,0,1,0,0,yes,synthetic_v12 hip_low
synth_v12_0913_unknown_body_too_low_drive.mp4,body_too_low_drive,unknown,9.0,0,0,0,0,0,0,yes,synthetic_v12 body_too_low_drive
synth_v12_0914_unknown_hip_low.mp4,hip_low,unknown,6.5,0,0,0,1,0,0,yes,synthetic_v12 hip_low
synth_v12_0915_oblique_hip_high.mp4,hip_high,oblique,6.5,0,0,0,1,0,0,yes,synthetic_v12 hip_high
synth_v12_0916_side_lateral_drift.mp4,lateral_drift,side,6.6,0,0,0,0,1,0,yes,synthetic_v12 lateral_drift
synth_v12_0917_oblique_bad_block_spacing.mp4,bad_block_spacing,oblique,6.2,0,1,1,0,0,0,yes,synthetic_v12 bad_block_spacing
synth_v12_0918_back_lateral_drift.mp4,lateral_drift,back,6.6,0,0,0,0,1,0,yes,synthetic_v12 lateral_drift
synth_v12_0919_side_bad_block_spacing.mp4,bad_block_spacing,side,6.2,0,1,1,0,0,0,yes,synthetic_v12 bad_block_spacing
synth_v12_0920_back_rear_knee_too_closed.mp4,rear_knee_too_closed,back,6.2,0,0,1,0,0,0,yes,synthetic_v12 rear_knee_too_closed
synth_v12_0921_back_rear_knee_too_closed.mp4,rear_knee_too_closed,back,6.2,0,0,1,0,0,0,yes,synthetic_v12 rear_knee_too_closed
synth_v12_0922_unknown_no_block_start_negative.mp4,no_block_start_negative,unknown,4.5,0,0,0,0,0,0,yes,synthetic_v12 no_block_start_negative
synth_v12_0923_oblique_lateral_drift.mp4,lateral_drift,oblique,6.6,0,0,0,0,1,0,yes,synthetic_v12 lateral_drift
synth_v12_0924_front_bad_block_spacing.mp4,bad_block_spacing,front,6.2,0,1,1,0,0,0,yes,synthetic_v12 bad_block_spacing
synth_v12_0925_back_good.mp4,good,back,9.0,0,0,0,0,0,0,yes,synthetic_v12 good
synth_v12_0926_unknown_hip_high.mp4,hip_high,unknown,6.5,0,0,0,1,0,0,yes,synthetic_v12 hip_high
synth_v12_0927_side_left_lateral_drift.mp4,lateral_drift,side_left,6.6,0,0,0,0,1,0,yes,synthetic_v12 lateral_drift
synth_v12_0928_front_lateral_drift.mp4,lateral_drift,front,6.6,0,0,0,0,1,0,yes,synthetic_v12 lateral_drift
synth_v12_0929_front_standing_start_negative.mp4,standing_start_negative,front,4.5,0,0,0,0,0,0,yes,synthetic_v12 standing_start_negative
synth_v12_0930_front_occlusion_low_confidence.mp4,occlusion_low_confidence,front,4.5,0,0,0,0,0,0,yes,synthetic_v12 occlusion_low_confidence
synth_v12_0931_side_left_standing_start_negative.mp4,standing_start_negative,side_left,4.5,0,0,0,0,0,0,yes,synthetic_v12 standing_start_negative
synth_v12_0932_back_first_step_too_short.mp4,first_step_too_short,back,6.6,0,0,0,0,1,0,yes,synthetic_v12 first_step_too_short
synth_v12_0933_back_no_block_start_negative.mp4,no_block_start_negative,back,4.5,0,0,0,0,0,0,yes,synthetic_v12 no_block_start_negative
synth_v12_0934_front_first_step_overstride.mp4,first_step_overstride,front,6.6,0,0,0,0,1,0,yes,synthetic_v12 first_step_overstride
synth_v12_0935_oblique_hip_low.mp4,hip_low,oblique,6.5,0,0,0,1,0,0,yes,synthetic_v12 hip_low
synth_v12_0936_front_slow_exit.mp4,slow_exit,front,6.6,0,0,0,0,1,0,yes,synthetic_v12 slow_exit
synth_v12_0937_front_occlusion_low_confidence.mp4,occlusion_low_confidence,front,4.5,0,0,0,0,0,0,yes,synthetic_v12 occlusion_low_confidence
synth_v12_0938_front_first_step_overstride.mp4,first_step_overstride,front,6.6,0,0,0,0,1,0,yes,synthetic_v12 first_step_overstride
synth_v12_0939_back_arms_crossing.mp4,arms_crossing,back,7.2,0,0,0,0,0,1,yes,synthetic_v12 arms_crossing
synth_v12_0940_side_left_partial_video.mp4,partial_video,side_left,4.5,0,0,0,0,0,0,yes,synthetic_v12 partial_video
synth_v12_0941_front_slow_exit.mp4,slow_exit,front,6.6,0,0,0,0,1,0,yes,synthetic_v12 slow_exit
synth_v12_0942_oblique_good.mp4,good,oblique,9.0,0,0,0,0,0,0,yes,synthetic_v12 good
synth_v12_0943_front_lateral_drift.mp4,lateral_drift,front,6.6,0,0,0,0,1,0,yes,synthetic_v12 lateral_drift
synth_v12_0944_front_partial_video.mp4,partial_video,front,4.5,0,0,0,0,0,0,yes,synthetic_v12 partial_video
synth_v12_0945_unknown_no_block_start_negative.mp4,no_block_start_negative,unknown,4.5,0,0,0,0,0,0,yes,synthetic_v12 no_block_start_negative
synth_v12_0946_oblique_front_knee_too_closed.mp4,front_knee_too_closed,oblique,6.2,0,1,0,0,0,0,yes,synthetic_v12 front_knee_too_closed
synth_v12_0947_side_rear_knee_too_open.mp4,rear_knee_too_open,side,6.2,0,0,1,0,0,0,yes,synthetic_v12 rear_knee_too_open
synth_v12_0948_front_first_step_overstride.mp4,first_step_overstride,front,6.6,0,0,0,0,1,0,yes,synthetic_v12 first_step_overstride
synth_v12_0949_unknown_head_lifts_early.mp4,head_lifts_early,unknown,9.0,0,0,0,0,0,0,yes,synthetic_v12 head_lifts_early
synth_v12_0950_oblique_good.mp4,good,oblique,9.0,0,0,0,0,0,0,yes,synthetic_v12 good
synth_v12_0951_front_rear_knee_too_closed.mp4,rear_knee_too_closed,front,6.2,0,0,1,0,0,0,yes,synthetic_v12 rear_knee_too_closed
synth_v12_0952_side_hip_low.mp4,hip_low,side,6.5,0,0,0,1,0,0,yes,synthetic_v12 hip_low
synth_v12_0953_oblique_hip_high.mp4,hip_high,oblique,6.5,0,0,0,1,0,0,yes,synthetic_v12 hip_high
synth_v12_0954_back_first_step_overstride.mp4,first_step_overstride,back,6.6,0,0,0,0,1,0,yes,synthetic_v12 first_step_overstride
synth_v12_0955_unknown_slow_exit.mp4,slow_exit,unknown,6.6,0,0,0,0,1,0,yes,synthetic_v12 slow_exit
synth_v12_0956_side_left_slow_exit.mp4,slow_exit,side_left,6.6,0,0,0,0,1,0,yes,synthetic_v12 slow_exit
synth_v12_0957_side_left_body_rises_early.mp4,body_rises_early,side_left,6.5,1,0,0,0,0,0,yes,synthetic_v12 body_rises_early
synth_v12_0958_side_left_good.mp4,good,side_left,9.0,0,0,0,0,0,0,yes,synthetic_v12 good
synth_v12_0959_oblique_hip_high.mp4,hip_high,oblique,6.5,0,0,0,1,0,0,yes,synthetic_v12 hip_high
synth_v12_0960_side_left_no_block_start_negative.mp4,no_block_start_negative,side_left,4.5,0,0,0,0,0,0,yes,synthetic_v12 no_block_start_negative
synth_v12_0961_side_rear_knee_too_closed.mp4,rear_knee_too_closed,side,6.2,0,0,1,0,0,0,yes,synthetic_v12 rear_knee_too_closed
synth_v12_0962_back_hip_low.mp4,hip_low,back,6.5,0,0,0,1,0,0,yes,synthetic_v12 hip_low
synth_v12_0963_front_front_knee_too_closed.mp4,front_knee_too_closed,front,6.2,0,1,0,0,0,0,yes,synthetic_v12 front_knee_too_closed
synth_v12_0964_oblique_body_rises_early.mp4,body_rises_early,oblique,6.5,1,0,0,0,0,0,yes,synthetic_v12 body_rises_early
synth_v12_0965_front_front_knee_too_closed.mp4,front_knee_too_closed,front,6.2,0,1,0,0,0,0,yes,synthetic_v12 front_knee_too_closed
synth_v12_0966_unknown_rear_knee_too_closed.mp4,rear_knee_too_closed,unknown,6.2,0,0,1,0,0,0,yes,synthetic_v12 rear_knee_too_closed
synth_v12_0967_oblique_front_knee_too_closed.mp4,front_knee_too_closed,oblique,6.2,0,1,0,0,0,0,yes,synthetic_v12 front_knee_too_closed
synth_v12_0968_unknown_no_block_start_negative.mp4,no_block_start_negative,unknown,4.5,0,0,0,0,0,0,yes,synthetic_v12 no_block_start_negative
synth_v12_0969_side_left_partial_video.mp4,partial_video,side_left,4.5,0,0,0,0,0,0,yes,synthetic_v12 partial_video
synth_v12_0970_back_occlusion_low_confidence.mp4,occlusion_low_confidence,back,4.5,0,0,0,0,0,0,yes,synthetic_v12 occlusion_low_confidence
synth_v12_0971_side_hip_low.mp4,hip_low,side,6.5,0,0,0,1,0,0,yes,synthetic_v12 hip_low
synth_v12_0972_front_first_step_overstride.mp4,first_step_overstride,front,6.6,0,0,0,0,1,0,yes,synthetic_v12 first_step_overstride
synth_v12_0973_oblique_front_knee_too_open.mp4,front_knee_too_open,oblique,6.2,0,1,0,0,0,0,yes,synthetic_v12 front_knee_too_open
synth_v12_0974_back_slow_exit.mp4,slow_exit,back,6.6,0,0,0,0,1,0,yes,synthetic_v12 slow_exit
synth_v12_0975_side_rear_knee_too_closed.mp4,rear_knee_too_closed,side,6.2,0,0,1,0,0,0,yes,synthetic_v12 rear_knee_too_closed
synth_v12_0976_front_good.mp4,good,front,9.0,0,0,0,0,0,0,yes,synthetic_v12 good
synth_v12_0977_unknown_hip_high.mp4,hip_high,unknown,6.5,0,0,0,1,0,0,yes,synthetic_v12 hip_high
synth_v12_0978_oblique_hip_high.mp4,hip_high,oblique,6.5,0,0,0,1,0,0,yes,synthetic_v12 hip_high
synth_v12_0979_front_hip_low.mp4,hip_low,front,6.5,0,0,0,1,0,0,yes,synthetic_v12 hip_low
synth_v12_0980_front_arms_crossing.mp4,arms_crossing,front,7.2,0,0,0,0,0,1,yes,synthetic_v12 arms_crossing
synth_v12_0981_back_arms_crossing.mp4,arms_crossing,back,7.2,0,0,0,0,0,1,yes,synthetic_v12 arms_crossing
synth_v12_0982_front_slow_exit.mp4,slow_exit,front,6.6,0,0,0,0,1,0,yes,synthetic_v12 slow_exit
synth_v12_0983_front_partial_video.mp4,partial_video,front,4.5,0,0,0,0,0,0,yes,synthetic_v12 partial_video
synth_v12_0984_front_rear_knee_too_closed.mp4,rear_knee_too_closed,front,6.2,0,0,1,0,0,0,yes,synthetic_v12 rear_knee_too_closed
synth_v12_0985_back_body_rises_early.mp4,body_rises_early,back,6.5,1,0,0,0,0,0,yes,synthetic_v12 body_rises_early
synth_v12_0986_unknown_good.mp4,good,unknown,9.0,0,0,0,0,0,0,yes,synthetic_v12 good
synth_v12_0987_front_front_knee_too_closed.mp4,front_knee_too_closed,front,6.2,0,1,0,0,0,0,yes,synthetic_v12 front_knee_too_closed
synth_v12_0988_back_body_too_low_drive.mp4,body_too_low_drive,back,9.0,0,0,0,0,0,0,yes,synthetic_v12 body_too_low_drive
synth_v12_0989_side_left_good.mp4,good,side_left,9.0,0,0,0,0,0,0,yes,synthetic_v12 good
synth_v12_0990_back_hip_low.mp4,hip_low,back,6.5,0,0,0,1,0,0,yes,synthetic_v12 hip_low
synth_v12_0991_oblique_lateral_drift.mp4,lateral_drift,oblique,6.6,0,0,0,0,1,0,yes,synthetic_v12 lateral_drift
synth_v12_0992_side_left_front_knee_too_closed.mp4,front_knee_too_closed,side_left,6.2,0,1,0,0,0,0,yes,synthetic_v12 front_knee_too_closed
synth_v12_0993_front_rear_knee_too_closed.mp4,rear_knee_too_closed,front,6.2,0,0,1,0,0,0,yes,synthetic_v12 rear_knee_too_closed
synth_v12_0994_oblique_rear_knee_too_closed.mp4,rear_knee_too_closed,oblique,6.2,0,0,1,0,0,0,yes,synthetic_v12 rear_knee_too_closed
synth_v12_0995_side_occlusion_low_confidence.mp4,occlusion_low_confidence,side,4.5,0,0,0,0,0,0,yes,synthetic_v12 occlusion_low_confidence
synth_v12_0996_side_left_good.mp4,good,side_left,9.0,0,0,0,0,0,0,yes,synthetic_v12 good
synth_v12_0997_side_left_body_too_low_drive.mp4,body_too_low_drive,side_left,9.0,0,0,0,0,0,0,yes,synthetic_v12 body_too_low_drive
synth_v12_0998_unknown_arms_crossing.mp4,arms_crossing,unknown,7.2,0,0,0,0,0,1,yes,synthetic_v12 arms_crossing
synth_v12_0999_oblique_front_knee_too_closed.mp4,front_knee_too_closed,oblique,6.2,0,1,0,0,0,0,yes,synthetic_v12 front_knee_too_closed
synth_v12_1000_back_no_block_start_negative.mp4,no_block_start_negative,back,4.5,0,0,0,0,0,0,yes,synthetic_v12 no_block_start_negative
synth_v12_1001_unknown_rear_knee_too_closed.mp4,rear_knee_too_closed,unknown,6.2,0,0,1,0,0,0,yes,synthetic_v12 rear_knee_too_closed
synth_v12_1002_front_rear_knee_too_open.mp4,rear_knee_too_open,front,6.2,0,0,1,0,0,0,yes,synthetic_v12 rear_knee_too_open
synth_v12_1003_back_no_block_start_negative.mp4,no_block_start_negative,back,4.5,0,0,0,0,0,0,yes,synthetic_v12 no_block_start_negative
synth_v12_1004_front_partial_video.mp4,partial_video,front,4.5,0,0,0,0,0,0,yes,synthetic_v12 partial_video
synth_v12_1005_side_left_occlusion_low_confidence.mp4,occlusion_low_confidence,side_left,4.5,0,0,0,0,0,0,yes,synthetic_v12 occlusion_low_confidence
synth_v12_1006_front_good.mp4,good,front,9.0,0,0,0,0,0,0,yes,synthetic_v12 good
synth_v12_1007_unknown_front_knee_too_open.mp4,front_knee_too_open,unknown,6.2,0,1,0,0,0,0,yes,synthetic_v12 front_knee_too_open
synth_v12_1008_side_left_body_too_low_drive.mp4,body_too_low_drive,side_left,9.0,0,0,0,0,0,0,yes,synthetic_v12 body_too_low_drive
synth_v12_1009_front_arms_crossing.mp4,arms_crossing,front,7.2,0,0,0,0,0,1,yes,synthetic_v12 arms_crossing
synth_v12_1010_oblique_head_lifts_early.mp4,head_lifts_early,oblique,9.0,0,0,0,0,0,0,yes,synthetic_v12 head_lifts_early
synth_v12_1011_unknown_no_block_start_negative.mp4,no_block_start_negative,unknown,4.5,0,0,0,0,0,0,yes,synthetic_v12 no_block_start_negative
synth_v12_1012_front_slow_exit.mp4,slow_exit,front,6.6,0,0,0,0,1,0,yes,synthetic_v12 slow_exit
synth_v12_1013_side_left_hip_high.mp4,hip_high,side_left,6.5,0,0,0,1,0,0,yes,synthetic_v12 hip_high
synth_v12_1014_unknown_arms_crossing.mp4,arms_crossing,unknown,7.2,0,0,0,0,0,1,yes,synthetic_v12 arms_crossing
synth_v12_1015_oblique_first_step_too_short.mp4,first_step_too_short,oblique,6.6,0,0,0,0,1,0,yes,synthetic_v12 first_step_too_short
synth_v12_1016_unknown_front_knee_too_open.mp4,front_knee_too_open,unknown,6.2,0,1,0,0,0,0,yes,synthetic_v12 front_knee_too_open
synth_v12_1017_side_left_first_step_too_short.mp4,first_step_too_short,side_left,6.6,0,0,0,0,1,0,yes,synthetic_v12 first_step_too_short
synth_v12_1018_front_good.mp4,good,front,9.0,0,0,0,0,0,0,yes,synthetic_v12 good
synth_v12_1019_front_body_rises_early.mp4,body_rises_early,front,6.5,1,0,0,0,0,0,yes,synthetic_v12 body_rises_early
synth_v12_1020_unknown_body_too_low_drive.mp4,body_too_low_drive,unknown,9.0,0,0,0,0,0,0,yes,synthetic_v12 body_too_low_drive
synth_v12_1021_front_bad_block_spacing.mp4,bad_block_spacing,front,6.2,0,1,1,0,0,0,yes,synthetic_v12 bad_block_spacing
synth_v12_1022_unknown_slow_exit.mp4,slow_exit,unknown,6.6,0,0,0,0,1,0,yes,synthetic_v12 slow_exit
synth_v12_1023_unknown_slow_exit.mp4,slow_exit,unknown,6.6,0,0,0,0,1,0,yes,synthetic_v12 slow_exit
synth_v12_1024_side_left_partial_video.mp4,partial_video,side_left,4.5,0,0,0,0,0,0,yes,synthetic_v12 partial_video
synth_v12_1025_oblique_arms_crossing.mp4,arms_crossing,oblique,7.2,0,0,0,0,0,1,yes,synthetic_v12 arms_crossing
synth_v12_1026_oblique_front_knee_too_closed.mp4,front_knee_too_closed,oblique,6.2,0,1,0,0,0,0,yes,synthetic_v12 front_knee_too_closed
synth_v12_1027_side_head_lifts_early.mp4,head_lifts_early,side,9.0,0,0,0,0,0,0,yes,synthetic_v12 head_lifts_early
synth_v12_1028_unknown_hip_high.mp4,hip_high,unknown,6.5,0,0,0,1,0,0,yes,synthetic_v12 hip_high
synth_v12_1029_side_left_rear_knee_too_open.mp4,rear_knee_too_open,side_left,6.2,0,0,1,0,0,0,yes,synthetic_v12 rear_knee_too_open
synth_v12_1030_front_partial_video.mp4,partial_video,front,4.5,0,0,0,0,0,0,yes,synthetic_v12 partial_video
synth_v12_1031_back_body_too_low_drive.mp4,body_too_low_drive,back,9.0,0,0,0,0,0,0,yes,synthetic_v12 body_too_low_drive
synth_v12_1032_unknown_body_too_low_drive.mp4,body_too_low_drive,unknown,9.0,0,0,0,0,0,0,yes,synthetic_v12 body_too_low_drive
synth_v12_1033_side_body_rises_early.mp4,body_rises_early,side,6.5,1,0,0,0,0,0,yes,synthetic_v12 body_rises_early
synth_v12_1034_back_first_step_too_short.mp4,first_step_too_short,back,6.6,0,0,0,0,1,0,yes,synthetic_v12 first_step_too_short
synth_v12_1035_front_hip_high.mp4,hip_high,front,6.5,0,0,0,1,0,0,yes,synthetic_v12 hip_high
synth_v12_1036_front_hip_low.mp4,hip_low,front,6.5,0,0,0,1,0,0,yes,synthetic_v12 hip_low
synth_v12_1037_unknown_rear_knee_too_closed.mp4,rear_knee_too_closed,unknown,6.2,0,0,1,0,0,0,yes,synthetic_v12 rear_knee_too_closed
synth_v12_1038_front_first_step_overstride.mp4,first_step_overstride,front,6.6,0,0,0,0,1,0,yes,synthetic_v12 first_step_overstride
synth_v12_1039_side_front_knee_too_open.mp4,front_knee_too_open,side,6.2,0,1,0,0,0,0,yes,synthetic_v12 front_knee_too_open
synth_v12_1040_front_rear_knee_too_open.mp4,rear_knee_too_open,front,6.2,0,0,1,0,0,0,yes,synthetic_v12 rear_knee_too_open
synth_v12_1041_side_hip_low.mp4,hip_low,side,6.5,0,0,0,1,0,0,yes,synthetic_v12 hip_low
synth_v12_1042_oblique_bad_block_spacing.mp4,bad_block_spacing,oblique,6.2,0,1,1,0,0,0,yes,synthetic_v12 bad_block_spacing
synth_v12_1043_front_partial_video.mp4,partial_video,front,4.5,0,0,0,0,0,0,yes,synthetic_v12 partial_video
synth_v12_1044_side_left_head_lifts_early.mp4,head_lifts_early,side_left,9.0,0,0,0,0,0,0,yes,synthetic_v12 head_lifts_early
synth_v12_1045_unknown_slow_exit.mp4,slow_exit,unknown,6.6,0,0,0,0,1,0,yes,synthetic_v12 slow_exit
synth_v12_1046_unknown_good.mp4,good,unknown,9.0,0,0,0,0,0,0,yes,synthetic_v12 good
synth_v12_1047_side_body_rises_early.mp4,body_rises_early,side,6.5,1,0,0,0,0,0,yes,synthetic_v12 body_rises_early
synth_v12_1048_unknown_lateral_drift.mp4,lateral_drift,unknown,6.6,0,0,0,0,1,0,yes,synthetic_v12 lateral_drift
synth_v12_1049_oblique_good.mp4,good,oblique,9.0,0,0,0,0,0,0,yes,synthetic_v12 good
synth_v12_1050_oblique_lateral_drift.mp4,lateral_drift,oblique,6.6,0,0,0,0,1,0,yes,synthetic_v12 lateral_drift
synth_v12_1051_side_arms_crossing.mp4,arms_crossing,side,7.2,0,0,0,0,0,1,yes,synthetic_v12 arms_crossing
synth_v12_1052_unknown_lateral_drift.mp4,lateral_drift,unknown,6.6,0,0,0,0,1,0,yes,synthetic_v12 lateral_drift
synth_v12_1053_back_lateral_drift.mp4,lateral_drift,back,6.6,0,0,0,0,1,0,yes,synthetic_v12 lateral_drift
synth_v12_1054_side_left_hip_high.mp4,hip_high,side_left,6.5,0,0,0,1,0,0,yes,synthetic_v12 hip_high
synth_v12_1055_unknown_occlusion_low_confidence.mp4,occlusion_low_confidence,unknown,4.5,0,0,0,0,0,0,yes,synthetic_v12 occlusion_low_confidence
synth_v12_1056_front_lateral_drift.mp4,lateral_drift,front,6.6,0,0,0,0,1,0,yes,synthetic_v12 lateral_drift
synth_v12_1057_back_front_knee_too_closed.mp4,front_knee_too_closed,back,6.2,0,1,0,0,0,0,yes,synthetic_v12 front_knee_too_closed
synth_v12_1058_back_hip_low.mp4,hip_low,back,6.5,0,0,0,1,0,0,yes,synthetic_v12 hip_low
synth_v12_1059_front_arms_crossing.mp4,arms_crossing,front,7.2,0,0,0,0,0,1,yes,synthetic_v12 arms_crossing
synth_v12_1060_unknown_head_lifts_early.mp4,head_lifts_early,unknown,9.0,0,0,0,0,0,0,yes,synthetic_v12 head_lifts_early
synth_v12_1061_side_left_standing_start_negative.mp4,standing_start_negative,side_left,4.5,0,0,0,0,0,0,yes,synthetic_v12 standing_start_negative
synth_v12_1062_side_left_standing_start_negative.mp4,standing_start_negative,side_left,4.5,0,0,0,0,0,0,yes,synthetic_v12 standing_start_negative
synth_v12_1063_unknown_front_knee_too_closed.mp4,front_knee_too_closed,unknown,6.2,0,1,0,0,0,0,yes,synthetic_v12 front_knee_too_closed
synth_v12_1064_unknown_body_too_low_drive.mp4,body_too_low_drive,unknown,9.0,0,0,0,0,0,0,yes,synthetic_v12 body_too_low_drive
synth_v12_1065_back_first_step_too_short.mp4,first_step_too_short,back,6.6,0,0,0,0,1,0,yes,synthetic_v12 first_step_too_short
synth_v12_1066_side_left_hip_low.mp4,hip_low,side_left,6.5,0,0,0,1,0,0,yes,synthetic_v12 hip_low
synth_v12_1067_unknown_arms_crossing.mp4,arms_crossing,unknown,7.2,0,0,0,0,0,1,yes,synthetic_v12 arms_crossing
synth_v12_1068_unknown_arms_crossing.mp4,arms_crossing,unknown,7.2,0,0,0,0,0,1,yes,synthetic_v12 arms_crossing
synth_v12_1069_unknown_bad_block_spacing.mp4,bad_block_spacing,unknown,6.2,0,1,1,0,0,0,yes,synthetic_v12 bad_block_spacing
synth_v12_1070_unknown_arms_crossing.mp4,arms_crossing,unknown,7.2,0,0,0,0,0,1,yes,synthetic_v12 arms_crossing
synth_v12_1071_unknown_hip_high.mp4,hip_high,unknown,6.5,0,0,0,1,0,0,yes,synthetic_v12 hip_high
synth_v12_1072_front_arms_crossing.mp4,arms_crossing,front,7.2,0,0,0,0,0,1,yes,synthetic_v12 arms_crossing
synth_v12_1073_side_left_head_lifts_early.mp4,head_lifts_early,side_left,9.0,0,0,0,0,0,0,yes,synthetic_v12 head_lifts_early
synth_v12_1074_unknown_no_block_start_negative.mp4,no_block_start_negative,unknown,4.5,0,0,0,0,0,0,yes,synthetic_v12 no_block_start_negative
synth_v12_1075_side_left_front_knee_too_open.mp4,front_knee_too_open,side_left,6.2,0,1,0,0,0,0,yes,synthetic_v12 front_knee_too_open
synth_v12_1076_unknown_lateral_drift.mp4,lateral_drift,unknown,6.6,0,0,0,0,1,0,yes,synthetic_v12 lateral_drift
synth_v12_1077_unknown_arms_crossing.mp4,arms_crossing,unknown,7.2,0,0,0,0,0,1,yes,synthetic_v12 arms_crossing
synth_v12_1078_oblique_bad_block_spacing.mp4,bad_block_spacing,oblique,6.2,0,1,1,0,0,0,yes,synthetic_v12 bad_block_spacing
synth_v12_1079_front_no_block_start_negative.mp4,no_block_start_negative,front,4.5,0,0,0,0,0,0,yes,synthetic_v12 no_block_start_negative
synth_v12_1080_side_rear_knee_too_open.mp4,rear_knee_too_open,side,6.2,0,0,1,0,0,0,yes,synthetic_v12 rear_knee_too_open
synth_v12_1081_side_first_step_overstride.mp4,first_step_overstride,side,6.6,0,0,0,0,1,0,yes,synthetic_v12 first_step_overstride
synth_v12_1082_oblique_good.mp4,good,oblique,9.0,0,0,0,0,0,0,yes,synthetic_v12 good
synth_v12_1083_oblique_head_lifts_early.mp4,head_lifts_early,oblique,9.0,0,0,0,0,0,0,yes,synthetic_v12 head_lifts_early
synth_v12_1084_front_partial_video.mp4,partial_video,front,4.5,0,0,0,0,0,0,yes,synthetic_v12 partial_video
synth_v12_1085_unknown_partial_video.mp4,partial_video,unknown,4.5,0,0,0,0,0,0,yes,synthetic_v12 partial_video
synth_v12_1086_side_occlusion_low_confidence.mp4,occlusion_low_confidence,side,4.5,0,0,0,0,0,0,yes,synthetic_v12 occlusion_low_confidence
synth_v12_1087_side_left_hip_high.mp4,hip_high,side_left,6.5,0,0,0,1,0,0,yes,synthetic_v12 hip_high
synth_v12_1088_side_left_head_lifts_early.mp4,head_lifts_early,side_left,9.0,0,0,0,0,0,0,yes,synthetic_v12 head_lifts_early
synth_v12_1089_front_bad_block_spacing.mp4,bad_block_spacing,front,6.2,0,1,1,0,0,0,yes,synthetic_v12 bad_block_spacing
synth_v12_1090_oblique_bad_block_spacing.mp4,bad_block_spacing,oblique,6.2,0,1,1,0,0,0,yes,synthetic_v12 bad_block_spacing
synth_v12_1091_unknown_body_rises_early.mp4,body_rises_early,unknown,6.5,1,0,0,0,0,0,yes,synthetic_v12 body_rises_early
synth_v12_1092_back_partial_video.mp4,partial_video,back,4.5,0,0,0,0,0,0,yes,synthetic_v12 partial_video
synth_v12_1093_back_arms_crossing.mp4,arms_crossing,back,7.2,0,0,0,0,0,1,yes,synthetic_v12 arms_crossing
synth_v12_1094_front_head_lifts_early.mp4,head_lifts_early,front,9.0,0,0,0,0,0,0,yes,synthetic_v12 head_lifts_early
synth_v12_1095_front_bad_block_spacing.mp4,bad_block_spacing,front,6.2,0,1,1,0,0,0,yes,synthetic_v12 bad_block_spacing
synth_v12_1096_side_hip_high.mp4,hip_high,side,6.5,0,0,0,1,0,0,yes,synthetic_v12 hip_high
synth_v12_1097_oblique_front_knee_too_open.mp4,front_knee_too_open,oblique,6.2,0,1,0,0,0,0,yes,synthetic_v12 front_knee_too_open
synth_v12_1098_unknown_head_lifts_early.mp4,head_lifts_early,unknown,9.0,0,0,0,0,0,0,yes,synthetic_v12 head_lifts_early
synth_v12_1099_back_no_block_start_negative.mp4,no_block_start_negative,back,4.5,0,0,0,0,0,0,yes,synthetic_v12 no_block_start_negative
synth_v12_1100_unknown_hip_high.mp4,hip_high,unknown,6.5,0,0,0,1,0,0,yes,synthetic_v12 hip_high
synth_v12_1101_back_slow_exit.mp4,slow_exit,back,6.6,0,0,0,0,1,0,yes,synthetic_v12 slow_exit
synth_v12_1102_back_hip_low.mp4,hip_low,back,6.5,0,0,0,1,0,0,yes,synthetic_v12 hip_low
synth_v12_1103_side_left_arms_crossing.mp4,arms_crossing,side_left,7.2,0,0,0,0,0,1,yes,synthetic_v12 arms_crossing
synth_v12_1104_back_arms_crossing.mp4,arms_crossing,back,7.2,0,0,0,0,0,1,yes,synthetic_v12 arms_crossing
synth_v12_1105_side_left_standing_start_negative.mp4,standing_start_negative,side_left,4.5,0,0,0,0,0,0,yes,synthetic_v12 standing_start_negative
synth_v12_1106_side_left_first_step_too_short.mp4,first_step_too_short,side_left,6.6,0,0,0,0,1,0,yes,synthetic_v12 first_step_too_short
synth_v12_1107_side_front_knee_too_open.mp4,front_knee_too_open,side,6.2,0,1,0,0,0,0,yes,synthetic_v12 front_knee_too_open
synth_v12_1108_front_slow_exit.mp4,slow_exit,front,6.6,0,0,0,0,1,0,yes,synthetic_v12 slow_exit
synth_v12_1109_oblique_hip_high.mp4,hip_high,oblique,6.5,0,0,0,1,0,0,yes,synthetic_v12 hip_high
synth_v12_1110_oblique_no_block_start_negative.mp4,no_block_start_negative,oblique,4.5,0,0,0,0,0,0,yes,synthetic_v12 no_block_start_negative
synth_v12_1111_front_bad_block_spacing.mp4,bad_block_spacing,front,6.2,0,1,1,0,0,0,yes,synthetic_v12 bad_block_spacing
synth_v12_1112_back_lateral_drift.mp4,lateral_drift,back,6.6,0,0,0,0,1,0,yes,synthetic_v12 lateral_drift
synth_v12_1113_oblique_front_knee_too_closed.mp4,front_knee_too_closed,oblique,6.2,0,1,0,0,0,0,yes,synthetic_v12 front_knee_too_closed
synth_v12_1114_front_first_step_overstride.mp4,first_step_overstride,front,6.6,0,0,0,0,1,0,yes,synthetic_v12 first_step_overstride
synth_v12_1115_back_bad_block_spacing.mp4,bad_block_spacing,back,6.2,0,1,1,0,0,0,yes,synthetic_v12 bad_block_spacing
synth_v12_1116_side_front_knee_too_open.mp4,front_knee_too_open,side,6.2,0,1,0,0,0,0,yes,synthetic_v12 front_knee_too_open
synth_v12_1117_back_slow_exit.mp4,slow_exit,back,6.6,0,0,0,0,1,0,yes,synthetic_v12 slow_exit
synth_v12_1118_side_body_rises_early.mp4,body_rises_early,side,6.5,1,0,0,0,0,0,yes,synthetic_v12 body_rises_early
synth_v12_1119_front_partial_video.mp4,partial_video,front,4.5,0,0,0,0,0,0,yes,synthetic_v12 partial_video
synth_v12_1120_front_bad_block_spacing.mp4,bad_block_spacing,front,6.2,0,1,1,0,0,0,yes,synthetic_v12 bad_block_spacing
synth_v12_1121_side_left_bad_block_spacing.mp4,bad_block_spacing,side_left,6.2,0,1,1,0,0,0,yes,synthetic_v12 bad_block_spacing
synth_v12_1122_front_front_knee_too_open.mp4,front_knee_too_open,front,6.2,0,1,0,0,0,0,yes,synthetic_v12 front_knee_too_open
synth_v12_1123_side_hip_high.mp4,hip_high,side,6.5,0,0,0,1,0,0,yes,synthetic_v12 hip_high
synth_v12_1124_side_arms_crossing.mp4,arms_crossing,side,7.2,0,0,0,0,0,1,yes,synthetic_v12 arms_crossing
synth_v12_1125_front_arms_crossing.mp4,arms_crossing,front,7.2,0,0,0,0,0,1,yes,synthetic_v12 arms_crossing
synth_v12_1126_oblique_hip_low.mp4,hip_low,oblique,6.5,0,0,0,1,0,0,yes,synthetic_v12 hip_low
synth_v12_1127_unknown_good.mp4,good,unknown,9.0,0,0,0,0,0,0,yes,synthetic_v12 good
synth_v12_1128_side_left_front_knee_too_closed.mp4,front_knee_too_closed,side_left,6.2,0,1,0,0,0,0,yes,synthetic_v12 front_knee_too_closed
synth_v12_1129_oblique_hip_high.mp4,hip_high,oblique,6.5,0,0,0,1,0,0,yes,synthetic_v12 hip_high
synth_v12_1130_back_bad_block_spacing.mp4,bad_block_spacing,back,6.2,0,1,1,0,0,0,yes,synthetic_v12 bad_block_spacing
synth_v12_1131_front_slow_exit.mp4,slow_exit,front,6.6,0,0,0,0,1,0,yes,synthetic_v12 slow_exit
synth_v12_1132_side_body_too_low_drive.mp4,body_too_low_drive,side,9.0,0,0,0,0,0,0,yes,synthetic_v12 body_too_low_drive
synth_v12_1133_side_arms_crossing.mp4,arms_crossing,side,7.2,0,0,0,0,0,1,yes,synthetic_v12 arms_crossing
synth_v12_1134_oblique_partial_video.mp4,partial_video,oblique,4.5,0,0,0,0,0,0,yes,synthetic_v12 partial_video
synth_v12_1135_oblique_first_step_too_short.mp4,first_step_too_short,oblique,6.6,0,0,0,0,1,0,yes,synthetic_v12 first_step_too_short
synth_v12_1136_side_left_slow_exit.mp4,slow_exit,side_left,6.6,0,0,0,0,1,0,yes,synthetic_v12 slow_exit
synth_v12_1137_front_slow_exit.mp4,slow_exit,front,6.6,0,0,0,0,1,0,yes,synthetic_v12 slow_exit
synth_v12_1138_unknown_first_step_overstride.mp4,first_step_overstride,unknown,6.6,0,0,0,0,1,0,yes,synthetic_v12 first_step_overstride
synth_v12_1139_back_front_knee_too_closed.mp4,front_knee_too_closed,back,6.2,0,1,0,0,0,0,yes,synthetic_v12 front_knee_too_closed
synth_v12_1140_front_no_block_start_negative.mp4,no_block_start_negative,front,4.5,0,0,0,0,0,0,yes,synthetic_v12 no_block_start_negative
synth_v12_1141_back_front_knee_too_open.mp4,front_knee_too_open,back,6.2,0,1,0,0,0,0,yes,synthetic_v12 front_knee_too_open
synth_v12_1142_back_body_rises_early.mp4,body_rises_early,back,6.5,1,0,0,0,0,0,yes,synthetic_v12 body_rises_early
synth_v12_1143_oblique_slow_exit.mp4,slow_exit,oblique,6.6,0,0,0,0,1,0,yes,synthetic_v12 slow_exit
synth_v12_1144_back_lateral_drift.mp4,lateral_drift,back,6.6,0,0,0,0,1,0,yes,synthetic_v12 lateral_drift
synth_v12_1145_front_standing_start_negative.mp4,standing_start_negative,front,4.5,0,0,0,0,0,0,yes,synthetic_v12 standing_start_negative
synth_v12_1146_side_left_first_step_too_short.mp4,first_step_too_short,side_left,6.6,0,0,0,0,1,0,yes,synthetic_v12 first_step_too_short
synth_v12_1147_unknown_standing_start_negative.mp4,standing_start_negative,unknown,4.5,0,0,0,0,0,0,yes,synthetic_v12 standing_start_negative
synth_v12_1148_front_rear_knee_too_closed.mp4,rear_knee_too_closed,front,6.2,0,0,1,0,0,0,yes,synthetic_v12 rear_knee_too_closed
synth_v12_1149_front_arms_crossing.mp4,arms_crossing,front,7.2,0,0,0,0,0,1,yes,synthetic_v12 arms_crossing
synth_v12_1150_back_head_lifts_early.mp4,head_lifts_early,back,9.0,0,0,0,0,0,0,yes,synthetic_v12 head_lifts_early
synth_v12_1151_unknown_lateral_drift.mp4,lateral_drift,unknown,6.6,0,0,0,0,1,0,yes,synthetic_v12 lateral_drift
synth_v12_1152_side_lateral_drift.mp4,lateral_drift,side,6.6,0,0,0,0,1,0,yes,synthetic_v12 lateral_drift
synth_v12_1153_back_first_step_overstride.mp4,first_step_overstride,back,6.6,0,0,0,0,1,0,yes,synthetic_v12 first_step_overstride
synth_v12_1154_unknown_hip_low.mp4,hip_low,unknown,6.5,0,0,0,1,0,0,yes,synthetic_v12 hip_low
synth_v12_1155_unknown_front_knee_too_open.mp4,front_knee_too_open,unknown,6.2,0,1,0,0,0,0,yes,synthetic_v12 front_knee_too_open
synth_v12_1156_back_body_rises_early.mp4,body_rises_early,back,6.5,1,0,0,0,0,0,yes,synthetic_v12 body_rises_early
synth_v12_1157_side_left_occlusion_low_confidence.mp4,occlusion_low_confidence,side_left,4.5,0,0,0,0,0,0,yes,synthetic_v12 occlusion_low_confidence
synth_v12_1158_front_first_step_overstride.mp4,first_step_overstride,front,6.6,0,0,0,0,1,0,yes,synthetic_v12 first_step_overstride
synth_v12_1159_unknown_hip_high.mp4,hip_high,unknown,6.5,0,0,0,1,0,0,yes,synthetic_v12 hip_high
synth_v12_1160_unknown_first_step_too_short.mp4,first_step_too_short,unknown,6.6,0,0,0,0,1,0,yes,synthetic_v12 first_step_too_short
synth_v12_1161_back_partial_video.mp4,partial_video,back,4.5,0,0,0,0,0,0,yes,synthetic_v12 partial_video
synth_v12_1162_unknown_rear_knee_too_open.mp4,rear_knee_too_open,unknown,6.2,0,0,1,0,0,0,yes,synthetic_v12 rear_knee_too_open
synth_v12_1163_side_left_hip_low.mp4,hip_low,side_left,6.5,0,0,0,1,0,0,yes,synthetic_v12 hip_low
synth_v12_1164_side_left_body_rises_early.mp4,body_rises_early,side_left,6.5,1,0,0,0,0,0,yes,synthetic_v12 body_rises_early
synth_v12_1165_unknown_rear_knee_too_closed.mp4,rear_knee_too_closed,unknown,6.2,0,0,1,0,0,0,yes,synthetic_v12 rear_knee_too_closed
synth_v12_1166_oblique_body_rises_early.mp4,body_rises_early,oblique,6.5,1,0,0,0,0,0,yes,synthetic_v12 body_rises_early
synth_v12_1167_front_body_too_low_drive.mp4,body_too_low_drive,front,9.0,0,0,0,0,0,0,yes,synthetic_v12 body_too_low_drive
synth_v12_1168_side_good.mp4,good,side,9.0,0,0,0,0,0,0,yes,synthetic_v12 good
synth_v12_1169_unknown_good.mp4,good,unknown,9.0,0,0,0,0,0,0,yes,synthetic_v12 good
synth_v12_1170_back_arms_crossing.mp4,arms_crossing,back,7.2,0,0,0,0,0,1,yes,synthetic_v12 arms_crossing
synth_v12_1171_side_left_hip_high.mp4,hip_high,side_left,6.5,0,0,0,1,0,0,yes,synthetic_v12 hip_high
synth_v12_1172_unknown_front_knee_too_closed.mp4,front_knee_too_closed,unknown,6.2,0,1,0,0,0,0,yes,synthetic_v12 front_knee_too_closed
synth_v12_1173_side_left_first_step_too_short.mp4,first_step_too_short,side_left,6.6,0,0,0,0,1,0,yes,synthetic_v12 first_step_too_short
synth_v12_1174_side_body_too_low_drive.mp4,body_too_low_drive,side,9.0,0,0,0,0,0,0,yes,synthetic_v12 body_too_low_drive
synth_v12_1175_unknown_hip_high.mp4,hip_high,unknown,6.5,0,0,0,1,0,0,yes,synthetic_v12 hip_high
synth_v12_1176_side_left_first_step_too_short.mp4,first_step_too_short,side_left,6.6,0,0,0,0,1,0,yes,synthetic_v12 first_step_too_short
synth_v12_1177_front_occlusion_low_confidence.mp4,occlusion_low_confidence,front,4.5,0,0,0,0,0,0,yes,synthetic_v12 occlusion_low_confidence
synth_v12_1178_back_head_lifts_early.mp4,head_lifts_early,back,9.0,0,0,0,0,0,0,yes,synthetic_v12 head_lifts_early
synth_v12_1179_unknown_slow_exit.mp4,slow_exit,unknown,6.6,0,0,0,0,1,0,yes,synthetic_v12 slow_exit
synth_v12_1180_oblique_first_step_too_short.mp4,first_step_too_short,oblique,6.6,0,0,0,0,1,0,yes,synthetic_v12 first_step_too_short
synth_v12_1181_side_left_rear_knee_too_open.mp4,rear_knee_too_open,side_left,6.2,0,0,1,0,0,0,yes,synthetic_v12 rear_knee_too_open
synth_v12_1182_side_left_lateral_drift.mp4,lateral_drift,side_left,6.6,0,0,0,0,1,0,yes,synthetic_v12 lateral_drift
synth_v12_1183_side_first_step_overstride.mp4,first_step_overstride,side,6.6,0,0,0,0,1,0,yes,synthetic_v12 first_step_overstride
synth_v12_1184_oblique_front_knee_too_closed.mp4,front_knee_too_closed,oblique,6.2,0,1,0,0,0,0,yes,synthetic_v12 front_knee_too_closed
synth_v12_1185_side_first_step_too_short.mp4,first_step_too_short,side,6.6,0,0,0,0,1,0,yes,synthetic_v12 first_step_too_short
synth_v12_1186_front_good.mp4,good,front,9.0,0,0,0,0,0,0,yes,synthetic_v12 good
synth_v12_1187_side_rear_knee_too_closed.mp4,rear_knee_too_closed,side,6.2,0,0,1,0,0,0,yes,synthetic_v12 rear_knee_too_closed
synth_v12_1188_side_occlusion_low_confidence.mp4,occlusion_low_confidence,side,4.5,0,0,0,0,0,0,yes,synthetic_v12 occlusion_low_confidence
synth_v12_1189_side_left_body_rises_early.mp4,body_rises_early,side_left,6.5,1,0,0,0,0,0,yes,synthetic_v12 body_rises_early
synth_v12_1190_front_occlusion_low_confidence.mp4,occlusion_low_confidence,front,4.5,0,0,0,0,0,0,yes,synthetic_v12 occlusion_low_confidence
synth_v12_1191_back_body_too_low_drive.mp4,body_too_low_drive,back,9.0,0,0,0,0,0,0,yes,synthetic_v12 body_too_low_drive
synth_v12_1192_oblique_front_knee_too_open.mp4,front_knee_too_open,oblique,6.2,0,1,0,0,0,0,yes,synthetic_v12 front_knee_too_open
synth_v12_1193_side_left_head_lifts_early.mp4,head_lifts_early,side_left,9.0,0,0,0,0,0,0,yes,synthetic_v12 head_lifts_early
synth_v12_1194_side_left_good.mp4,good,side_left,9.0,0,0,0,0,0,0,yes,synthetic_v12 good
synth_v12_1195_side_left_first_step_overstride.mp4,first_step_overstride,side_left,6.6,0,0,0,0,1,0,yes,synthetic_v12 first_step_overstride
synth_v12_1196_back_head_lifts_early.mp4,head_lifts_early,back,9.0,0,0,0,0,0,0,yes,synthetic_v12 head_lifts_early
synth_v12_1197_side_first_step_too_short.mp4,first_step_too_short,side,6.6,0,0,0,0,1,0,yes,synthetic_v12 first_step_too_short
synth_v12_1198_oblique_head_lifts_early.mp4,head_lifts_early,oblique,9.0,0,0,0,0,0,0,yes,synthetic_v12 head_lifts_early
synth_v12_1199_front_front_knee_too_closed.mp4,front_knee_too_closed,front,6.2,0,1,0,0,0,0,yes,synthetic_v12 front_knee_too_closed
synth_v12_1200_unknown_lateral_drift.mp4,lateral_drift,unknown,6.6,0,0,0,0,1,0,yes,synthetic_v12 lateral_drift
synth_v12_1201_back_arms_crossing.mp4,arms_crossing,back,7.2,0,0,0,0,0,1,yes,synthetic_v12 arms_crossing
synth_v12_1202_oblique_front_knee_too_open.mp4,front_knee_too_open,oblique,6.2,0,1,0,0,0,0,yes,synthetic_v12 front_knee_too_open
synth_v12_1203_side_bad_block_spacing.mp4,bad_block_spacing,side,6.2,0,1,1,0,0,0,yes,synthetic_v12 bad_block_spacing
synth_v12_1204_side_left_front_knee_too_closed.mp4,front_knee_too_closed,side_left,6.2,0,1,0,0,0,0,yes,synthetic_v12 front_knee_too_closed
synth_v12_1205_front_no_block_start_negative.mp4,no_block_start_negative,front,4.5,0,0,0,0,0,0,yes,synthetic_v12 no_block_start_negative
synth_v12_1206_front_partial_video.mp4,partial_video,front,4.5,0,0,0,0,0,0,yes,synthetic_v12 partial_video
synth_v12_1207_side_left_first_step_overstride.mp4,first_step_overstride,side_left,6.6,0,0,0,0,1,0,yes,synthetic_v12 first_step_overstride
synth_v12_1208_back_body_rises_early.mp4,body_rises_early,back,6.5,1,0,0,0,0,0,yes,synthetic_v12 body_rises_early
synth_v12_1209_oblique_rear_knee_too_open.mp4,rear_knee_too_open,oblique,6.2,0,0,1,0,0,0,yes,synthetic_v12 rear_knee_too_open
synth_v12_1210_side_left_rear_knee_too_open.mp4,rear_knee_too_open,side_left,6.2,0,0,1,0,0,0,yes,synthetic_v12 rear_knee_too_open
synth_v12_1211_back_arms_crossing.mp4,arms_crossing,back,7.2,0,0,0,0,0,1,yes,synthetic_v12 arms_crossing
synth_v12_1212_side_hip_low.mp4,hip_low,side,6.5,0,0,0,1,0,0,yes,synthetic_v12 hip_low
synth_v12_1213_side_left_slow_exit.mp4,slow_exit,side_left,6.6,0,0,0,0,1,0,yes,synthetic_v12 slow_exit
synth_v12_1214_oblique_partial_video.mp4,partial_video,oblique,4.5,0,0,0,0,0,0,yes,synthetic_v12 partial_video
synth_v12_1215_front_rear_knee_too_closed.mp4,rear_knee_too_closed,front,6.2,0,0,1,0,0,0,yes,synthetic_v12 rear_knee_too_closed
synth_v12_1216_unknown_good.mp4,good,unknown,9.0,0,0,0,0,0,0,yes,synthetic_v12 good
synth_v12_1217_oblique_slow_exit.mp4,slow_exit,oblique,6.6,0,0,0,0,1,0,yes,synthetic_v12 slow_exit
synth_v12_1218_front_lateral_drift.mp4,lateral_drift,front,6.6,0,0,0,0,1,0,yes,synthetic_v12 lateral_drift
synth_v12_1219_unknown_front_knee_too_closed.mp4,front_knee_too_closed,unknown,6.2,0,1,0,0,0,0,yes,synthetic_v12 front_knee_too_closed
synth_v12_1220_back_slow_exit.mp4,slow_exit,back,6.6,0,0,0,0,1,0,yes,synthetic_v12 slow_exit
synth_v12_1221_unknown_occlusion_low_confidence.mp4,occlusion_low_confidence,unknown,4.5,0,0,0,0,0,0,yes,synthetic_v12 occlusion_low_confidence
synth_v12_1222_unknown_occlusion_low_confidence.mp4,occlusion_low_confidence,unknown,4.5,0,0,0,0,0,0,yes,synthetic_v12 occlusion_low_confidence
synth_v12_1223_unknown_rear_knee_too_open.mp4,rear_knee_too_open,unknown,6.2,0,0,1,0,0,0,yes,synthetic_v12 rear_knee_too_open
synth_v12_1224_oblique_hip_high.mp4,hip_high,oblique,6.5,0,0,0,1,0,0,yes,synthetic_v12 hip_high
synth_v12_1225_back_first_step_too_short.mp4,first_step_too_short,back,6.6,0,0,0,0,1,0,yes,synthetic_v12 first_step_too_short
synth_v12_1226_back_rear_knee_too_open.mp4,rear_knee_too_open,back,6.2,0,0,1,0,0,0,yes,synthetic_v12 rear_knee_too_open
synth_v12_1227_side_left_arms_crossing.mp4,arms_crossing,side_left,7.2,0,0,0,0,0,1,yes,synthetic_v12 arms_crossing
synth_v12_1228_back_front_knee_too_open.mp4,front_knee_too_open,back,6.2,0,1,0,0,0,0,yes,synthetic_v12 front_knee_too_open
synth_v12_1229_back_body_rises_early.mp4,body_rises_early,back,6.5,1,0,0,0,0,0,yes,synthetic_v12 body_rises_early
synth_v12_1230_back_rear_knee_too_open.mp4,rear_knee_too_open,back,6.2,0,0,1,0,0,0,yes,synthetic_v12 rear_knee_too_open
synth_v12_1231_side_body_too_low_drive.mp4,body_too_low_drive,side,9.0,0,0,0,0,0,0,yes,synthetic_v12 body_too_low_drive
synth_v12_1232_oblique_standing_start_negative.mp4,standing_start_negative,oblique,4.5,0,0,0,0,0,0,yes,synthetic_v12 standing_start_negative
synth_v12_1233_unknown_front_knee_too_open.mp4,front_knee_too_open,unknown,6.2,0,1,0,0,0,0,yes,synthetic_v12 front_knee_too_open
synth_v12_1234_side_slow_exit.mp4,slow_exit,side,6.6,0,0,0,0,1,0,yes,synthetic_v12 slow_exit
synth_v12_1235_back_hip_high.mp4,hip_high,back,6.5,0,0,0,1,0,0,yes,synthetic_v12 hip_high
synth_v12_1236_back_no_block_start_negative.mp4,no_block_start_negative,back,4.5,0,0,0,0,0,0,yes,synthetic_v12 no_block_start_negative
synth_v12_1237_front_first_step_overstride.mp4,first_step_overstride,front,6.6,0,0,0,0,1,0,yes,synthetic_v12 first_step_overstride
synth_v12_1238_front_slow_exit.mp4,slow_exit,front,6.6,0,0,0,0,1,0,yes,synthetic_v12 slow_exit
synth_v12_1239_back_partial_video.mp4,partial_video,back,4.5,0,0,0,0,0,0,yes,synthetic_v12 partial_video
synth_v12_1240_side_left_hip_low.mp4,hip_low,side_left,6.5,0,0,0,1,0,0,yes,synthetic_v12 hip_low
synth_v12_1241_side_left_front_knee_too_closed.mp4,front_knee_too_closed,side_left,6.2,0,1,0,0,0,0,yes,synthetic_v12 front_knee_too_closed
synth_v12_1242_back_standing_start_negative.mp4,standing_start_negative,back,4.5,0,0,0,0,0,0,yes,synthetic_v12 standing_start_negative
synth_v12_1243_unknown_front_knee_too_open.mp4,front_knee_too_open,unknown,6.2,0,1,0,0,0,0,yes,synthetic_v12 front_knee_too_open
synth_v12_1244_oblique_lateral_drift.mp4,lateral_drift,oblique,6.6,0,0,0,0,1,0,yes,synthetic_v12 lateral_drift
synth_v12_1245_front_lateral_drift.mp4,lateral_drift,front,6.6,0,0,0,0,1,0,yes,synthetic_v12 lateral_drift
synth_v12_1246_unknown_head_lifts_early.mp4,head_lifts_early,unknown,9.0,0,0,0,0,0,0,yes,synthetic_v12 head_lifts_early
synth_v12_1247_side_hip_high.mp4,hip_high,side,6.5,0,0,0,1,0,0,yes,synthetic_v12 hip_high
synth_v12_1248_back_no_block_start_negative.mp4,no_block_start_negative,back,4.5,0,0,0,0,0,0,yes,synthetic_v12 no_block_start_negative
synth_v12_1249_back_hip_low.mp4,hip_low,back,6.5,0,0,0,1,0,0,yes,synthetic_v12 hip_low
synth_v12_1250_back_hip_high.mp4,hip_high,back,6.5,0,0,0,1,0,0,yes,synthetic_v12 hip_high
synth_v12_1251_side_left_partial_video.mp4,partial_video,side_left,4.5,0,0,0,0,0,0,yes,synthetic_v12 partial_video
synth_v12_1252_back_body_rises_early.mp4,body_rises_early,back,6.5,1,0,0,0,0,0,yes,synthetic_v12 body_rises_early
synth_v12_1253_unknown_bad_block_spacing.mp4,bad_block_spacing,unknown,6.2,0,1,1,0,0,0,yes,synthetic_v12 bad_block_spacing
synth_v12_1254_oblique_bad_block_spacing.mp4,bad_block_spacing,oblique,6.2,0,1,1,0,0,0,yes,synthetic_v12 bad_block_spacing
synth_v12_1255_unknown_partial_video.mp4,partial_video,unknown,4.5,0,0,0,0,0,0,yes,synthetic_v12 partial_video
synth_v12_1256_side_left_partial_video.mp4,partial_video,side_left,4.5,0,0,0,0,0,0,yes,synthetic_v12 partial_video
synth_v12_1257_back_lateral_drift.mp4,lateral_drift,back,6.6,0,0,0,0,1,0,yes,synthetic_v12 lateral_drift
synth_v12_1258_oblique_no_block_start_negative.mp4,no_block_start_negative,oblique,4.5,0,0,0,0,0,0,yes,synthetic_v12 no_block_start_negative
synth_v12_1259_side_partial_video.mp4,partial_video,side,4.5,0,0,0,0,0,0,yes,synthetic_v12 partial_video
synth_v12_1260_oblique_good.mp4,good,oblique,9.0,0,0,0,0,0,0,yes,synthetic_v12 good
synth_v12_1261_front_first_step_too_short.mp4,first_step_too_short,front,6.6,0,0,0,0,1,0,yes,synthetic_v12 first_step_too_short
synth_v12_1262_side_left_body_rises_early.mp4,body_rises_early,side_left,6.5,1,0,0,0,0,0,yes,synthetic_v12 body_rises_early
synth_v12_1263_unknown_no_block_start_negative.mp4,no_block_start_negative,unknown,4.5,0,0,0,0,0,0,yes,synthetic_v12 no_block_start_negative
synth_v12_1264_back_first_step_overstride.mp4,first_step_overstride,back,6.6,0,0,0,0,1,0,yes,synthetic_v12 first_step_overstride
synth_v12_1265_front_good.mp4,good,front,9.0,0,0,0,0,0,0,yes,synthetic_v12 good
synth_v12_1266_oblique_first_step_overstride.mp4,first_step_overstride,oblique,6.6,0,0,0,0,1,0,yes,synthetic_v12 first_step_overstride
synth_v12_1267_front_lateral_drift.mp4,lateral_drift,front,6.6,0,0,0,0,1,0,yes,synthetic_v12 lateral_drift
synth_v12_1268_side_body_rises_early.mp4,body_rises_early,side,6.5,1,0,0,0,0,0,yes,synthetic_v12 body_rises_early
synth_v12_1269_side_rear_knee_too_open.mp4,rear_knee_too_open,side,6.2,0,0,1,0,0,0,yes,synthetic_v12 rear_knee_too_open
synth_v12_1270_unknown_occlusion_low_confidence.mp4,occlusion_low_confidence,unknown,4.5,0,0,0,0,0,0,yes,synthetic_v12 occlusion_low_confidence
synth_v12_1271_back_bad_block_spacing.mp4,bad_block_spacing,back,6.2,0,1,1,0,0,0,yes,synthetic_v12 bad_block_spacing
synth_v12_1272_side_first_step_too_short.mp4,first_step_too_short,side,6.6,0,0,0,0,1,0,yes,synthetic_v12 first_step_too_short
synth_v12_1273_unknown_body_too_low_drive.mp4,body_too_low_drive,unknown,9.0,0,0,0,0,0,0,yes,synthetic_v12 body_too_low_drive
synth_v12_1274_front_body_rises_early.mp4,body_rises_early,front,6.5,1,0,0,0,0,0,yes,synthetic_v12 body_rises_early
synth_v12_1275_back_no_block_start_negative.mp4,no_block_start_negative,back,4.5,0,0,0,0,0,0,yes,synthetic_v12 no_block_start_negative
synth_v12_1276_oblique_hip_low.mp4,hip_low,oblique,6.5,0,0,0,1,0,0,yes,synthetic_v12 hip_low
synth_v12_1277_oblique_body_too_low_drive.mp4,body_too_low_drive,oblique,9.0,0,0,0,0,0,0,yes,synthetic_v12 body_too_low_drive
synth_v12_1278_back_standing_start_negative.mp4,standing_start_negative,back,4.5,0,0,0,0,0,0,yes,synthetic_v12 standing_start_negative
synth_v12_1279_oblique_good.mp4,good,oblique,9.0,0,0,0,0,0,0,yes,synthetic_v12 good
synth_v12_1280_oblique_hip_high.mp4,hip_high,oblique,6.5,0,0,0,1,0,0,yes,synthetic_v12 hip_high
synth_v12_1281_back_hip_high.mp4,hip_high,back,6.5,0,0,0,1,0,0,yes,synthetic_v12 hip_high
synth_v12_1282_oblique_hip_low.mp4,hip_low,oblique,6.5,0,0,0,1,0,0,yes,synthetic_v12 hip_low
synth_v12_1283_back_slow_exit.mp4,slow_exit,back,6.6,0,0,0,0,1,0,yes,synthetic_v12 slow_exit
synth_v12_1284_side_front_knee_too_closed.mp4,front_knee_too_closed,side,6.2,0,1,0,0,0,0,yes,synthetic_v12 front_knee_too_closed
synth_v12_1285_unknown_occlusion_low_confidence.mp4,occlusion_low_confidence,unknown,4.5,0,0,0,0,0,0,yes,synthetic_v12 occlusion_low_confidence
synth_v12_1286_front_body_too_low_drive.mp4,body_too_low_drive,front,9.0,0,0,0,0,0,0,yes,synthetic_v12 body_too_low_drive
synth_v12_1287_front_lateral_drift.mp4,lateral_drift,front,6.6,0,0,0,0,1,0,yes,synthetic_v12 lateral_drift
synth_v12_1288_front_partial_video.mp4,partial_video,front,4.5,0,0,0,0,0,0,yes,synthetic_v12 partial_video
synth_v12_1289_front_head_lifts_early.mp4,head_lifts_early,front,9.0,0,0,0,0,0,0,yes,synthetic_v12 head_lifts_early
synth_v12_1290_oblique_rear_knee_too_closed.mp4,rear_knee_too_closed,oblique,6.2,0,0,1,0,0,0,yes,synthetic_v12 rear_knee_too_closed
synth_v12_1291_unknown_lateral_drift.mp4,lateral_drift,unknown,6.6,0,0,0,0,1,0,yes,synthetic_v12 lateral_drift
synth_v12_1292_back_no_block_start_negative.mp4,no_block_start_negative,back,4.5,0,0,0,0,0,0,yes,synthetic_v12 no_block_start_negative
synth_v12_1293_side_first_step_overstride.mp4,first_step_overstride,side,6.6,0,0,0,0,1,0,yes,synthetic_v12 first_step_overstride
synth_v12_1294_back_bad_block_spacing.mp4,bad_block_spacing,back,6.2,0,1,1,0,0,0,yes,synthetic_v12 bad_block_spacing
synth_v12_1295_front_first_step_too_short.mp4,first_step_too_short,front,6.6,0,0,0,0,1,0,yes,synthetic_v12 first_step_too_short
synth_v12_1296_side_left_front_knee_too_closed.mp4,front_knee_too_closed,side_left,6.2,0,1,0,0,0,0,yes,synthetic_v12 front_knee_too_closed
synth_v12_1297_unknown_head_lifts_early.mp4,head_lifts_early,unknown,9.0,0,0,0,0,0,0,yes,synthetic_v12 head_lifts_early
synth_v12_1298_side_first_step_overstride.mp4,first_step_overstride,side,6.6,0,0,0,0,1,0,yes,synthetic_v12 first_step_overstride
synth_v12_1299_side_left_no_block_start_negative.mp4,no_block_start_negative,side_left,4.5,0,0,0,0,0,0,yes,synthetic_v12 no_block_start_negative
synth_v12_1300_front_rear_knee_too_closed.mp4,rear_knee_too_closed,front,6.2,0,0,1,0,0,0,yes,synthetic_v12 rear_knee_too_closed
synth_v12_1301_back_rear_knee_too_closed.mp4,rear_knee_too_closed,back,6.2,0,0,1,0,0,0,yes,synthetic_v12 rear_knee_too_closed
synth_v12_1302_side_left_hip_high.mp4,hip_high,side_left,6.5,0,0,0,1,0,0,yes,synthetic_v12 hip_high
synth_v12_1303_side_front_knee_too_closed.mp4,front_knee_too_closed,side,6.2,0,1,0,0,0,0,yes,synthetic_v12 front_knee_too_closed
synth_v12_1304_back_no_block_start_negative.mp4,no_block_start_negative,back,4.5,0,0,0,0,0,0,yes,synthetic_v12 no_block_start_negative
synth_v12_1305_back_good.mp4,good,back,9.0,0,0,0,0,0,0,yes,synthetic_v12 good
synth_v12_1306_side_body_rises_early.mp4,body_rises_early,side,6.5,1,0,0,0,0,0,yes,synthetic_v12 body_rises_early
synth_v12_1307_unknown_first_step_too_short.mp4,first_step_too_short,unknown,6.6,0,0,0,0,1,0,yes,synthetic_v12 first_step_too_short
synth_v12_1308_front_occlusion_low_confidence.mp4,occlusion_low_confidence,front,4.5,0,0,0,0,0,0,yes,synthetic_v12 occlusion_low_confidence
synth_v12_1309_front_first_step_too_short.mp4,first_step_too_short,front,6.6,0,0,0,0,1,0,yes,synthetic_v12 first_step_too_short
synth_v12_1310_side_head_lifts_early.mp4,head_lifts_early,side,9.0,0,0,0,0,0,0,yes,synthetic_v12 head_lifts_early
synth_v12_1311_back_front_knee_too_closed.mp4,front_knee_too_closed,back,6.2,0,1,0,0,0,0,yes,synthetic_v12 front_knee_too_closed
synth_v12_1312_side_lateral_drift.mp4,lateral_drift,side,6.6,0,0,0,0,1,0,yes,synthetic_v12 lateral_drift
synth_v12_1313_unknown_partial_video.mp4,partial_video,unknown,4.5,0,0,0,0,0,0,yes,synthetic_v12 partial_video
synth_v12_1314_side_left_body_too_low_drive.mp4,body_too_low_drive,side_left,9.0,0,0,0,0,0,0,yes,synthetic_v12 body_too_low_drive
synth_v12_1315_side_left_occlusion_low_confidence.mp4,occlusion_low_confidence,side_left,4.5,0,0,0,0,0,0,yes,synthetic_v12 occlusion_low_confidence
synth_v12_1316_oblique_lateral_drift.mp4,lateral_drift,oblique,6.6,0,0,0,0,1,0,yes,synthetic_v12 lateral_drift
synth_v12_1317_oblique_front_knee_too_open.mp4,front_knee_too_open,oblique,6.2,0,1,0,0,0,0,yes,synthetic_v12 front_knee_too_open
synth_v12_1318_side_left_body_rises_early.mp4,body_rises_early,side_left,6.5,1,0,0,0,0,0,yes,synthetic_v12 body_rises_early
synth_v12_1319_oblique_partial_video.mp4,partial_video,oblique,4.5,0,0,0,0,0,0,yes,synthetic_v12 partial_video
synth_v12_1320_side_front_knee_too_open.mp4,front_knee_too_open,side,6.2,0,1,0,0,0,0,yes,synthetic_v12 front_knee_too_open
synth_v12_1321_back_standing_start_negative.mp4,standing_start_negative,back,4.5,0,0,0,0,0,0,yes,synthetic_v12 standing_start_negative
synth_v12_1322_side_first_step_too_short.mp4,first_step_too_short,side,6.6,0,0,0,0,1,0,yes,synthetic_v12 first_step_too_short
synth_v12_1323_side_partial_video.mp4,partial_video,side,4.5,0,0,0,0,0,0,yes,synthetic_v12 partial_video
synth_v12_1324_side_left_no_block_start_negative.mp4,no_block_start_negative,side_left,4.5,0,0,0,0,0,0,yes,synthetic_v12 no_block_start_negative
synth_v12_1325_side_left_bad_block_spacing.mp4,bad_block_spacing,side_left,6.2,0,1,1,0,0,0,yes,synthetic_v12 bad_block_spacing
synth_v12_1326_back_hip_high.mp4,hip_high,back,6.5,0,0,0,1,0,0,yes,synthetic_v12 hip_high
synth_v12_1327_oblique_first_step_overstride.mp4,first_step_overstride,oblique,6.6,0,0,0,0,1,0,yes,synthetic_v12 first_step_overstride
synth_v12_1328_back_body_rises_early.mp4,body_rises_early,back,6.5,1,0,0,0,0,0,yes,synthetic_v12 body_rises_early
synth_v12_1329_unknown_partial_video.mp4,partial_video,unknown,4.5,0,0,0,0,0,0,yes,synthetic_v12 partial_video
synth_v12_1330_side_left_body_too_low_drive.mp4,body_too_low_drive,side_left,9.0,0,0,0,0,0,0,yes,synthetic_v12 body_too_low_drive
synth_v12_1331_front_standing_start_negative.mp4,standing_start_negative,front,4.5,0,0,0,0,0,0,yes,synthetic_v12 standing_start_negative
synth_v12_1332_side_rear_knee_too_open.mp4,rear_knee_too_open,side,6.2,0,0,1,0,0,0,yes,synthetic_v12 rear_knee_too_open
synth_v12_1333_back_bad_block_spacing.mp4,bad_block_spacing,back,6.2,0,1,1,0,0,0,yes,synthetic_v12 bad_block_spacing
synth_v12_1334_side_left_standing_start_negative.mp4,standing_start_negative,side_left,4.5,0,0,0,0,0,0,yes,synthetic_v12 standing_start_negative
synth_v12_1335_side_slow_exit.mp4,slow_exit,side,6.6,0,0,0,0,1,0,yes,synthetic_v12 slow_exit
synth_v12_1336_unknown_hip_low.mp4,hip_low,unknown,6.5,0,0,0,1,0,0,yes,synthetic_v12 hip_low
synth_v12_1337_oblique_standing_start_negative.mp4,standing_start_negative,oblique,4.5,0,0,0,0,0,0,yes,synthetic_v12 standing_start_negative
synth_v12_1338_unknown_occlusion_low_confidence.mp4,occlusion_low_confidence,unknown,4.5,0,0,0,0,0,0,yes,synthetic_v12 occlusion_low_confidence
synth_v12_1339_front_front_knee_too_closed.mp4,front_knee_too_closed,front,6.2,0,1,0,0,0,0,yes,synthetic_v12 front_knee_too_closed
synth_v12_1340_side_good.mp4,good,side,9.0,0,0,0,0,0,0,yes,synthetic_v12 good
synth_v12_1341_oblique_arms_crossing.mp4,arms_crossing,oblique,7.2,0,0,0,0,0,1,yes,synthetic_v12 arms_crossing
synth_v12_1342_front_standing_start_negative.mp4,standing_start_negative,front,4.5,0,0,0,0,0,0,yes,synthetic_v12 standing_start_negative
synth_v12_1343_back_slow_exit.mp4,slow_exit,back,6.6,0,0,0,0,1,0,yes,synthetic_v12 slow_exit
synth_v12_1344_side_left_lateral_drift.mp4,lateral_drift,side_left,6.6,0,0,0,0,1,0,yes,synthetic_v12 lateral_drift
synth_v12_1345_front_hip_high.mp4,hip_high,front,6.5,0,0,0,1,0,0,yes,synthetic_v12 hip_high
synth_v12_1346_front_hip_low.mp4,hip_low,front,6.5,0,0,0,1,0,0,yes,synthetic_v12 hip_low
synth_v12_1347_back_body_too_low_drive.mp4,body_too_low_drive,back,9.0,0,0,0,0,0,0,yes,synthetic_v12 body_too_low_drive
synth_v12_1348_back_body_rises_early.mp4,body_rises_early,back,6.5,1,0,0,0,0,0,yes,synthetic_v12 body_rises_early
synth_v12_1349_side_left_front_knee_too_open.mp4,front_knee_too_open,side_left,6.2,0,1,0,0,0,0,yes,synthetic_v12 front_knee_too_open
synth_v12_1350_side_left_bad_block_spacing.mp4,bad_block_spacing,side_left,6.2,0,1,1,0,0,0,yes,synthetic_v12 bad_block_spacing
synth_v12_1351_oblique_front_knee_too_open.mp4,front_knee_too_open,oblique,6.2,0,1,0,0,0,0,yes,synthetic_v12 front_knee_too_open
synth_v12_1352_oblique_hip_low.mp4,hip_low,oblique,6.5,0,0,0,1,0,0,yes,synthetic_v12 hip_low
synth_v12_1353_front_lateral_drift.mp4,lateral_drift,front,6.6,0,0,0,0,1,0,yes,synthetic_v12 lateral_drift
synth_v12_1354_side_front_knee_too_closed.mp4,front_knee_too_closed,side,6.2,0,1,0,0,0,0,yes,synthetic_v12 front_knee_too_closed
synth_v12_1355_unknown_first_step_too_short.mp4,first_step_too_short,unknown,6.6,0,0,0,0,1,0,yes,synthetic_v12 first_step_too_short
synth_v12_1356_side_left_first_step_too_short.mp4,first_step_too_short,side_left,6.6,0,0,0,0,1,0,yes,synthetic_v12 first_step_too_short
synth_v12_1357_front_first_step_too_short.mp4,first_step_too_short,front,6.6,0,0,0,0,1,0,yes,synthetic_v12 first_step_too_short
synth_v12_1358_back_slow_exit.mp4,slow_exit,back,6.6,0,0,0,0,1,0,yes,synthetic_v12 slow_exit
synth_v12_1359_side_arms_crossing.mp4,arms_crossing,side,7.2,0,0,0,0,0,1,yes,synthetic_v12 arms_crossing
synth_v12_1360_side_bad_block_spacing.mp4,bad_block_spacing,side,6.2,0,1,1,0,0,0,yes,synthetic_v12 bad_block_spacing
synth_v12_1361_side_front_knee_too_open.mp4,front_knee_too_open,side,6.2,0,1,0,0,0,0,yes,synthetic_v12 front_knee_too_open
synth_v12_1362_front_lateral_drift.mp4,lateral_drift,front,6.6,0,0,0,0,1,0,yes,synthetic_v12 lateral_drift
synth_v12_1363_side_front_knee_too_closed.mp4,front_knee_too_closed,side,6.2,0,1,0,0,0,0,yes,synthetic_v12 front_knee_too_closed
synth_v12_1364_side_lateral_drift.mp4,lateral_drift,side,6.6,0,0,0,0,1,0,yes,synthetic_v12 lateral_drift
synth_v12_1365_oblique_good.mp4,good,oblique,9.0,0,0,0,0,0,0,yes,synthetic_v12 good
synth_v12_1366_oblique_front_knee_too_open.mp4,front_knee_too_open,oblique,6.2,0,1,0,0,0,0,yes,synthetic_v12 front_knee_too_open
synth_v12_1367_side_left_first_step_too_short.mp4,first_step_too_short,side_left,6.6,0,0,0,0,1,0,yes,synthetic_v12 first_step_too_short
synth_v12_1368_oblique_front_knee_too_closed.mp4,front_knee_too_closed,oblique,6.2,0,1,0,0,0,0,yes,synthetic_v12 front_knee_too_closed
synth_v12_1369_back_slow_exit.mp4,slow_exit,back,6.6,0,0,0,0,1,0,yes,synthetic_v12 slow_exit
synth_v12_1370_unknown_partial_video.mp4,partial_video,unknown,4.5,0,0,0,0,0,0,yes,synthetic_v12 partial_video
synth_v12_1371_unknown_rear_knee_too_closed.mp4,rear_knee_too_closed,unknown,6.2,0,0,1,0,0,0,yes,synthetic_v12 rear_knee_too_closed
synth_v12_1372_side_left_occlusion_low_confidence.mp4,occlusion_low_confidence,side_left,4.5,0,0,0,0,0,0,yes,synthetic_v12 occlusion_low_confidence
synth_v12_1373_oblique_slow_exit.mp4,slow_exit,oblique,6.6,0,0,0,0,1,0,yes,synthetic_v12 slow_exit
synth_v12_1374_side_body_too_low_drive.mp4,body_too_low_drive,side,9.0,0,0,0,0,0,0,yes,synthetic_v12 body_too_low_drive
synth_v12_1375_oblique_front_knee_too_closed.mp4,front_knee_too_closed,oblique,6.2,0,1,0,0,0,0,yes,synthetic_v12 front_knee_too_closed
synth_v12_1376_oblique_first_step_too_short.mp4,first_step_too_short,oblique,6.6,0,0,0,0,1,0,yes,synthetic_v12 first_step_too_short
synth_v12_1377_side_left_bad_block_spacing.mp4,bad_block_spacing,side_left,6.2,0,1,1,0,0,0,yes,synthetic_v12 bad_block_spacing
synth_v12_1378_side_left_rear_knee_too_open.mp4,rear_knee_too_open,side_left,6.2,0,0,1,0,0,0,yes,synthetic_v12 rear_knee_too_open
synth_v12_1379_side_occlusion_low_confidence.mp4,occlusion_low_confidence,side,4.5,0,0,0,0,0,0,yes,synthetic_v12 occlusion_low_confidence
synth_v12_1380_side_left_rear_knee_too_open.mp4,rear_knee_too_open,side_left,6.2,0,0,1,0,0,0,yes,synthetic_v12 rear_knee_too_open
synth_v12_1381_back_head_lifts_early.mp4,head_lifts_early,back,9.0,0,0,0,0,0,0,yes,synthetic_v12 head_lifts_early
synth_v12_1382_unknown_lateral_drift.mp4,lateral_drift,unknown,6.6,0,0,0,0,1,0,yes,synthetic_v12 lateral_drift
synth_v12_1383_unknown_standing_start_negative.mp4,standing_start_negative,unknown,4.5,0,0,0,0,0,0,yes,synthetic_v12 standing_start_negative
synth_v12_1384_front_occlusion_low_confidence.mp4,occlusion_low_confidence,front,4.5,0,0,0,0,0,0,yes,synthetic_v12 occlusion_low_confidence
synth_v12_1385_side_left_front_knee_too_closed.mp4,front_knee_too_closed,side_left,6.2,0,1,0,0,0,0,yes,synthetic_v12 front_knee_too_closed
synth_v12_1386_oblique_rear_knee_too_closed.mp4,rear_knee_too_closed,oblique,6.2,0,0,1,0,0,0,yes,synthetic_v12 rear_knee_too_closed
synth_v12_1387_oblique_first_step_too_short.mp4,first_step_too_short,oblique,6.6,0,0,0,0,1,0,yes,synthetic_v12 first_step_too_short
synth_v12_1388_front_lateral_drift.mp4,lateral_drift,front,6.6,0,0,0,0,1,0,yes,synthetic_v12 lateral_drift
synth_v12_1389_oblique_head_lifts_early.mp4,head_lifts_early,oblique,9.0,0,0,0,0,0,0,yes,synthetic_v12 head_lifts_early
synth_v12_1390_back_hip_high.mp4,hip_high,back,6.5,0,0,0,1,0,0,yes,synthetic_v12 hip_high
synth_v12_1391_unknown_lateral_drift.mp4,lateral_drift,unknown,6.6,0,0,0,0,1,0,yes,synthetic_v12 lateral_drift
synth_v12_1392_front_lateral_drift.mp4,lateral_drift,front,6.6,0,0,0,0,1,0,yes,synthetic_v12 lateral_drift
synth_v12_1393_back_no_block_start_negative.mp4,no_block_start_negative,back,4.5,0,0,0,0,0,0,yes,synthetic_v12 no_block_start_negative
synth_v12_1394_back_slow_exit.mp4,slow_exit,back,6.6,0,0,0,0,1,0,yes,synthetic_v12 slow_exit
synth_v12_1395_oblique_first_step_overstride.mp4,first_step_overstride,oblique,6.6,0,0,0,0,1,0,yes,synthetic_v12 first_step_overstride
synth_v12_1396_side_left_rear_knee_too_open.mp4,rear_knee_too_open,side_left,6.2,0,0,1,0,0,0,yes,synthetic_v12 rear_knee_too_open
synth_v12_1397_unknown_no_block_start_negative.mp4,no_block_start_negative,unknown,4.5,0,0,0,0,0,0,yes,synthetic_v12 no_block_start_negative
synth_v12_1398_unknown_front_knee_too_closed.mp4,front_knee_too_closed,unknown,6.2,0,1,0,0,0,0,yes,synthetic_v12 front_knee_too_closed
synth_v12_1399_back_head_lifts_early.mp4,head_lifts_early,back,9.0,0,0,0,0,0,0,yes,synthetic_v12 head_lifts_early
synth_v12_1400_side_left_slow_exit.mp4,slow_exit,side_left,6.6,0,0,0,0,1,0,yes,synthetic_v12 slow_exit
synth_v12_1401_unknown_head_lifts_early.mp4,head_lifts_early,unknown,9.0,0,0,0,0,0,0,yes,synthetic_v12 head_lifts_early
synth_v12_1402_side_left_no_block_start_negative.mp4,no_block_start_negative,side_left,4.5,0,0,0,0,0,0,yes,synthetic_v12 no_block_start_negative
synth_v12_1403_side_first_step_too_short.mp4,first_step_too_short,side,6.6,0,0,0,0,1,0,yes,synthetic_v12 first_step_too_short
synth_v12_1404_oblique_occlusion_low_confidence.mp4,occlusion_low_confidence,oblique,4.5,0,0,0,0,0,0,yes,synthetic_v12 occlusion_low_confidence
synth_v12_1405_side_first_step_too_short.mp4,first_step_too_short,side,6.6,0,0,0,0,1,0,yes,synthetic_v12 first_step_too_short
synth_v12_1406_back_partial_video.mp4,partial_video,back,4.5,0,0,0,0,0,0,yes,synthetic_v12 partial_video
synth_v12_1407_oblique_body_rises_early.mp4,body_rises_early,oblique,6.5,1,0,0,0,0,0,yes,synthetic_v12 body_rises_early
synth_v12_1408_side_left_first_step_overstride.mp4,first_step_overstride,side_left,6.6,0,0,0,0,1,0,yes,synthetic_v12 first_step_overstride
synth_v12_1409_side_hip_low.mp4,hip_low,side,6.5,0,0,0,1,0,0,yes,synthetic_v12 hip_low
synth_v12_1410_oblique_bad_block_spacing.mp4,bad_block_spacing,oblique,6.2,0,1,1,0,0,0,yes,synthetic_v12 bad_block_spacing
synth_v12_1411_side_left_first_step_too_short.mp4,first_step_too_short,side_left,6.6,0,0,0,0,1,0,yes,synthetic_v12 first_step_too_short
synth_v12_1412_unknown_rear_knee_too_closed.mp4,rear_knee_too_closed,unknown,6.2,0,0,1,0,0,0,yes,synthetic_v12 rear_knee_too_closed
synth_v12_1413_unknown_bad_block_spacing.mp4,bad_block_spacing,unknown,6.2,0,1,1,0,0,0,yes,synthetic_v12 bad_block_spacing
synth_v12_1414_back_rear_knee_too_open.mp4,rear_knee_too_open,back,6.2,0,0,1,0,0,0,yes,synthetic_v12 rear_knee_too_open
synth_v12_1415_oblique_no_block_start_negative.mp4,no_block_start_negative,oblique,4.5,0,0,0,0,0,0,yes,synthetic_v12 no_block_start_negative
synth_v12_1416_oblique_partial_video.mp4,partial_video,oblique,4.5,0,0,0,0,0,0,yes,synthetic_v12 partial_video
synth_v12_1417_back_rear_knee_too_closed.mp4,rear_knee_too_closed,back,6.2,0,0,1,0,0,0,yes,synthetic_v12 rear_knee_too_closed
synth_v12_1418_side_left_head_lifts_early.mp4,head_lifts_early,side_left,9.0,0,0,0,0,0,0,yes,synthetic_v12 head_lifts_early
synth_v12_1419_unknown_rear_knee_too_closed.mp4,rear_knee_too_closed,unknown,6.2,0,0,1,0,0,0,yes,synthetic_v12 rear_knee_too_closed
synth_v12_1420_side_standing_start_negative.mp4,standing_start_negative,side,4.5,0,0,0,0,0,0,yes,synthetic_v12 standing_start_negative
synth_v12_1421_unknown_slow_exit.mp4,slow_exit,unknown,6.6,0,0,0,0,1,0,yes,synthetic_v12 slow_exit
synth_v12_1422_side_left_no_block_start_negative.mp4,no_block_start_negative,side_left,4.5,0,0,0,0,0,0,yes,synthetic_v12 no_block_start_negative
synth_v12_1423_back_bad_block_spacing.mp4,bad_block_spacing,back,6.2,0,1,1,0,0,0,yes,synthetic_v12 bad_block_spacing
synth_v12_1424_oblique_hip_low.mp4,hip_low,oblique,6.5,0,0,0,1,0,0,yes,synthetic_v12 hip_low
synth_v12_1425_back_first_step_too_short.mp4,first_step_too_short,back,6.6,0,0,0,0,1,0,yes,synthetic_v12 first_step_too_short
synth_v12_1426_unknown_partial_video.mp4,partial_video,unknown,4.5,0,0,0,0,0,0,yes,synthetic_v12 partial_video
synth_v12_1427_side_left_lateral_drift.mp4,lateral_drift,side_left,6.6,0,0,0,0,1,0,yes,synthetic_v12 lateral_drift
synth_v12_1428_side_left_standing_start_negative.mp4,standing_start_negative,side_left,4.5,0,0,0,0,0,0,yes,synthetic_v12 standing_start_negative
synth_v12_1429_front_hip_high.mp4,hip_high,front,6.5,0,0,0,1,0,0,yes,synthetic_v12 hip_high
synth_v12_1430_back_body_too_low_drive.mp4,body_too_low_drive,back,9.0,0,0,0,0,0,0,yes,synthetic_v12 body_too_low_drive
synth_v12_1431_side_first_step_too_short.mp4,first_step_too_short,side,6.6,0,0,0,0,1,0,yes,synthetic_v12 first_step_too_short
synth_v12_1432_back_body_rises_early.mp4,body_rises_early,back,6.5,1,0,0,0,0,0,yes,synthetic_v12 body_rises_early
synth_v12_1433_back_rear_knee_too_closed.mp4,rear_knee_too_closed,back,6.2,0,0,1,0,0,0,yes,synthetic_v12 rear_knee_too_closed
synth_v12_1434_oblique_head_lifts_early.mp4,head_lifts_early,oblique,9.0,0,0,0,0,0,0,yes,synthetic_v12 head_lifts_early
synth_v12_1435_side_left_rear_knee_too_open.mp4,rear_knee_too_open,side_left,6.2,0,0,1,0,0,0,yes,synthetic_v12 rear_knee_too_open
synth_v12_1436_front_head_lifts_early.mp4,head_lifts_early,front,9.0,0,0,0,0,0,0,yes,synthetic_v12 head_lifts_early
synth_v12_1437_back_hip_high.mp4,hip_high,back,6.5,0,0,0,1,0,0,yes,synthetic_v12 hip_high
synth_v12_1438_oblique_hip_high.mp4,hip_high,oblique,6.5,0,0,0,1,0,0,yes,synthetic_v12 hip_high
synth_v12_1439_back_front_knee_too_open.mp4,front_knee_too_open,back,6.2,0,1,0,0,0,0,yes,synthetic_v12 front_knee_too_open
synth_v12_1440_unknown_bad_block_spacing.mp4,bad_block_spacing,unknown,6.2,0,1,1,0,0,0,yes,synthetic_v12 bad_block_spacing
synth_v12_1441_front_body_too_low_drive.mp4,body_too_low_drive,front,9.0,0,0,0,0,0,0,yes,synthetic_v12 body_too_low_drive
synth_v12_1442_unknown_partial_video.mp4,partial_video,unknown,4.5,0,0,0,0,0,0,yes,synthetic_v12 partial_video
synth_v12_1443_unknown_hip_low.mp4,hip_low,unknown,6.5,0,0,0,1,0,0,yes,synthetic_v12 hip_low
synth_v12_1444_unknown_first_step_too_short.mp4,first_step_too_short,unknown,6.6,0,0,0,0,1,0,yes,synthetic_v12 first_step_too_short
synth_v12_1445_front_hip_high.mp4,hip_high,front,6.5,0,0,0,1,0,0,yes,synthetic_v12 hip_high
synth_v12_1446_back_good.mp4,good,back,9.0,0,0,0,0,0,0,yes,synthetic_v12 good
synth_v12_1447_unknown_no_block_start_negative.mp4,no_block_start_negative,unknown,4.5,0,0,0,0,0,0,yes,synthetic_v12 no_block_start_negative
synth_v12_1448_unknown_arms_crossing.mp4,arms_crossing,unknown,7.2,0,0,0,0,0,1,yes,synthetic_v12 arms_crossing
synth_v12_1449_side_front_knee_too_closed.mp4,front_knee_too_closed,side,6.2,0,1,0,0,0,0,yes,synthetic_v12 front_knee_too_closed
synth_v12_1450_oblique_no_block_start_negative.mp4,no_block_start_negative,oblique,4.5,0,0,0,0,0,0,yes,synthetic_v12 no_block_start_negative
synth_v12_1451_side_left_hip_high.mp4,hip_high,side_left,6.5,0,0,0,1,0,0,yes,synthetic_v12 hip_high
synth_v12_1452_front_rear_knee_too_open.mp4,rear_knee_too_open,front,6.2,0,0,1,0,0,0,yes,synthetic_v12 rear_knee_too_open
synth_v12_1453_back_rear_knee_too_open.mp4,rear_knee_too_open,back,6.2,0,0,1,0,0,0,yes,synthetic_v12 rear_knee_too_open
synth_v12_1454_unknown_standing_start_negative.mp4,standing_start_negative,unknown,4.5,0,0,0,0,0,0,yes,synthetic_v12 standing_start_negative
synth_v12_1455_front_bad_block_spacing.mp4,bad_block_spacing,front,6.2,0,1,1,0,0,0,yes,synthetic_v12 bad_block_spacing
synth_v12_1456_back_rear_knee_too_closed.mp4,rear_knee_too_closed,back,6.2,0,0,1,0,0,0,yes,synthetic_v12 rear_knee_too_closed
synth_v12_1457_front_hip_high.mp4,hip_high,front,6.5,0,0,0,1,0,0,yes,synthetic_v12 hip_high
synth_v12_1458_front_bad_block_spacing.mp4,bad_block_spacing,front,6.2,0,1,1,0,0,0,yes,synthetic_v12 bad_block_spacing
synth_v12_1459_side_slow_exit.mp4,slow_exit,side,6.6,0,0,0,0,1,0,yes,synthetic_v12 slow_exit
synth_v12_1460_back_body_too_low_drive.mp4,body_too_low_drive,back,9.0,0,0,0,0,0,0,yes,synthetic_v12 body_too_low_drive
synth_v12_1461_unknown_standing_start_negative.mp4,standing_start_negative,unknown,4.5,0,0,0,0,0,0,yes,synthetic_v12 standing_start_negative
synth_v12_1462_oblique_bad_block_spacing.mp4,bad_block_spacing,oblique,6.2,0,1,1,0,0,0,yes,synthetic_v12 bad_block_spacing
synth_v12_1463_back_front_knee_too_closed.mp4,front_knee_too_closed,back,6.2,0,1,0,0,0,0,yes,synthetic_v12 front_knee_too_closed
synth_v12_1464_back_bad_block_spacing.mp4,bad_block_spacing,back,6.2,0,1,1,0,0,0,yes,synthetic_v12 bad_block_spacing
synth_v12_1465_side_standing_start_negative.mp4,standing_start_negative,side,4.5,0,0,0,0,0,0,yes,synthetic_v12 standing_start_negative
synth_v12_1466_side_left_bad_block_spacing.mp4,bad_block_spacing,side_left,6.2,0,1,1,0,0,0,yes,synthetic_v12 bad_block_spacing
synth_v12_1467_back_occlusion_low_confidence.mp4,occlusion_low_confidence,back,4.5,0,0,0,0,0,0,yes,synthetic_v12 occlusion_low_confidence
synth_v12_1468_back_rear_knee_too_open.mp4,rear_knee_too_open,back,6.2,0,0,1,0,0,0,yes,synthetic_v12 rear_knee_too_open
synth_v12_1469_side_left_standing_start_negative.mp4,standing_start_negative,side_left,4.5,0,0,0,0,0,0,yes,synthetic_v12 standing_start_negative
synth_v12_1470_unknown_body_too_low_drive.mp4,body_too_low_drive,unknown,9.0,0,0,0,0,0,0,yes,synthetic_v12 body_too_low_drive
synth_v12_1471_side_left_lateral_drift.mp4,lateral_drift,side_left,6.6,0,0,0,0,1,0,yes,synthetic_v12 lateral_drift
synth_v12_1472_oblique_occlusion_low_confidence.mp4,occlusion_low_confidence,oblique,4.5,0,0,0,0,0,0,yes,synthetic_v12 occlusion_low_confidence
synth_v12_1473_oblique_bad_block_spacing.mp4,bad_block_spacing,oblique,6.2,0,1,1,0,0,0,yes,synthetic_v12 bad_block_spacing
synth_v12_1474_unknown_first_step_too_short.mp4,first_step_too_short,unknown,6.6,0,0,0,0,1,0,yes,synthetic_v12 first_step_too_short
synth_v12_1475_front_arms_crossing.mp4,arms_crossing,front,7.2,0,0,0,0,0,1,yes,synthetic_v12 arms_crossing
synth_v12_1476_back_partial_video.mp4,partial_video,back,4.5,0,0,0,0,0,0,yes,synthetic_v12 partial_video
synth_v12_1477_side_occlusion_low_confidence.mp4,occlusion_low_confidence,side,4.5,0,0,0,0,0,0,yes,synthetic_v12 occlusion_low_confidence
synth_v12_1478_side_left_first_step_overstride.mp4,first_step_overstride,side_left,6.6,0,0,0,0,1,0,yes,synthetic_v12 first_step_overstride
synth_v12_1479_side_left_hip_high.mp4,hip_high,side_left,6.5,0,0,0,1,0,0,yes,synthetic_v12 hip_high
synth_v12_1480_oblique_lateral_drift.mp4,lateral_drift,oblique,6.6,0,0,0,0,1,0,yes,synthetic_v12 lateral_drift
synth_v12_1481_oblique_partial_video.mp4,partial_video,oblique,4.5,0,0,0,0,0,0,yes,synthetic_v12 partial_video
synth_v12_1482_back_body_too_low_drive.mp4,body_too_low_drive,back,9.0,0,0,0,0,0,0,yes,synthetic_v12 body_too_low_drive
synth_v12_1483_front_good.mp4,good,front,9.0,0,0,0,0,0,0,yes,synthetic_v12 good
synth_v12_1484_side_hip_low.mp4,hip_low,side,6.5,0,0,0,1,0,0,yes,synthetic_v12 hip_low
synth_v12_1485_unknown_front_knee_too_open.mp4,front_knee_too_open,unknown,6.2,0,1,0,0,0,0,yes,synthetic_v12 front_knee_too_open
synth_v12_1486_oblique_body_rises_early.mp4,body_rises_early,oblique,6.5,1,0,0,0,0,0,yes,synthetic_v12 body_rises_early
synth_v12_1487_front_hip_high.mp4,hip_high,front,6.5,0,0,0,1,0,0,yes,synthetic_v12 hip_high
synth_v12_1488_front_first_step_overstride.mp4,first_step_overstride,front,6.6,0,0,0,0,1,0,yes,synthetic_v12 first_step_overstride
synth_v12_1489_front_bad_block_spacing.mp4,bad_block_spacing,front,6.2,0,1,1,0,0,0,yes,synthetic_v12 bad_block_spacing
synth_v12_1490_side_left_front_knee_too_closed.mp4,front_knee_too_closed,side_left,6.2,0,1,0,0,0,0,yes,synthetic_v12 front_knee_too_closed
synth_v12_1491_side_left_no_block_start_negative.mp4,no_block_start_negative,side_left,4.5,0,0,0,0,0,0,yes,synthetic_v12 no_block_start_negative
synth_v12_1492_oblique_body_rises_early.mp4,body_rises_early,oblique,6.5,1,0,0,0,0,0,yes,synthetic_v12 body_rises_early
synth_v12_1493_side_body_rises_early.mp4,body_rises_early,side,6.5,1,0,0,0,0,0,yes,synthetic_v12 body_rises_early
synth_v12_1494_front_first_step_overstride.mp4,first_step_overstride,front,6.6,0,0,0,0,1,0,yes,synthetic_v12 first_step_overstride
synth_v12_1495_unknown_body_too_low_drive.mp4,body_too_low_drive,unknown,9.0,0,0,0,0,0,0,yes,synthetic_v12 body_too_low_drive
synth_v12_1496_back_lateral_drift.mp4,lateral_drift,back,6.6,0,0,0,0,1,0,yes,synthetic_v12 lateral_drift
synth_v12_1497_back_occlusion_low_confidence.mp4,occlusion_low_confidence,back,4.5,0,0,0,0,0,0,yes,synthetic_v12 occlusion_low_confidence
synth_v12_1498_front_front_knee_too_open.mp4,front_knee_too_open,front,6.2,0,1,0,0,0,0,yes,synthetic_v12 front_knee_too_open
synth_v12_1499_back_head_lifts_early.mp4,head_lifts_early,back,9.0,0,0,0,0,0,0,yes,synthetic_v12 head_lifts_early
synth_v12_1500_front_slow_exit.mp4,slow_exit,front,6.6,0,0,0,0,1,0,yes,synthetic_v12 slow_exit
synth_v12_1501_unknown_bad_block_spacing.mp4,bad_block_spacing,unknown,6.2,0,1,1,0,0,0,yes,synthetic_v12 bad_block_spacing
synth_v12_1502_oblique_good.mp4,good,oblique,9.0,0,0,0,0,0,0,yes,synthetic_v12 good
synth_v12_1503_front_head_lifts_early.mp4,head_lifts_early,front,9.0,0,0,0,0,0,0,yes,synthetic_v12 head_lifts_early
synth_v12_1504_oblique_hip_low.mp4,hip_low,oblique,6.5,0,0,0,1,0,0,yes,synthetic_v12 hip_low
synth_v12_1505_side_slow_exit.mp4,slow_exit,side,6.6,0,0,0,0,1,0,yes,synthetic_v12 slow_exit
synth_v12_1506_unknown_good.mp4,good,unknown,9.0,0,0,0,0,0,0,yes,synthetic_v12 good
synth_v12_1507_side_first_step_overstride.mp4,first_step_overstride,side,6.6,0,0,0,0,1,0,yes,synthetic_v12 first_step_overstride
synth_v12_1508_unknown_body_too_low_drive.mp4,body_too_low_drive,unknown,9.0,0,0,0,0,0,0,yes,synthetic_v12 body_too_low_drive
synth_v12_1509_unknown_body_too_low_drive.mp4,body_too_low_drive,unknown,9.0,0,0,0,0,0,0,yes,synthetic_v12 body_too_low_drive
synth_v12_1510_unknown_no_block_start_negative.mp4,no_block_start_negative,unknown,4.5,0,0,0,0,0,0,yes,synthetic_v12 no_block_start_negative
synth_v12_1511_back_arms_crossing.mp4,arms_crossing,back,7.2,0,0,0,0,0,1,yes,synthetic_v12 arms_crossing
synth_v12_1512_side_left_hip_high.mp4,hip_high,side_left,6.5,0,0,0,1,0,0,yes,synthetic_v12 hip_high
synth_v12_1513_side_left_front_knee_too_open.mp4,front_knee_too_open,side_left,6.2,0,1,0,0,0,0,yes,synthetic_v12 front_knee_too_open
synth_v12_1514_side_good.mp4,good,side,9.0,0,0,0,0,0,0,yes,synthetic_v12 good
synth_v12_1515_unknown_rear_knee_too_open.mp4,rear_knee_too_open,unknown,6.2,0,0,1,0,0,0,yes,synthetic_v12 rear_knee_too_open
synth_v12_1516_side_lateral_drift.mp4,lateral_drift,side,6.6,0,0,0,0,1,0,yes,synthetic_v12 lateral_drift
synth_v12_1517_unknown_rear_knee_too_closed.mp4,rear_knee_too_closed,unknown,6.2,0,0,1,0,0,0,yes,synthetic_v12 rear_knee_too_closed
synth_v12_1518_back_body_rises_early.mp4,body_rises_early,back,6.5,1,0,0,0,0,0,yes,synthetic_v12 body_rises_early
synth_v12_1519_side_left_first_step_overstride.mp4,first_step_overstride,side_left,6.6,0,0,0,0,1,0,yes,synthetic_v12 first_step_overstride
synth_v12_1520_side_hip_low.mp4,hip_low,side,6.5,0,0,0,1,0,0,yes,synthetic_v12 hip_low
synth_v12_1521_front_head_lifts_early.mp4,head_lifts_early,front,9.0,0,0,0,0,0,0,yes,synthetic_v12 head_lifts_early
synth_v12_1522_side_left_slow_exit.mp4,slow_exit,side_left,6.6,0,0,0,0,1,0,yes,synthetic_v12 slow_exit
synth_v12_1523_oblique_occlusion_low_confidence.mp4,occlusion_low_confidence,oblique,4.5,0,0,0,0,0,0,yes,synthetic_v12 occlusion_low_confidence
synth_v12_1524_side_left_occlusion_low_confidence.mp4,occlusion_low_confidence,side_left,4.5,0,0,0,0,0,0,yes,synthetic_v12 occlusion_low_confidence
synth_v12_1525_back_body_rises_early.mp4,body_rises_early,back,6.5,1,0,0,0,0,0,yes,synthetic_v12 body_rises_early
synth_v12_1526_front_body_rises_early.mp4,body_rises_early,front,6.5,1,0,0,0,0,0,yes,synthetic_v12 body_rises_early
synth_v12_1527_unknown_standing_start_negative.mp4,standing_start_negative,unknown,4.5,0,0,0,0,0,0,yes,synthetic_v12 standing_start_negative
synth_v12_1528_back_hip_high.mp4,hip_high,back,6.5,0,0,0,1,0,0,yes,synthetic_v12 hip_high
synth_v12_1529_side_left_no_block_start_negative.mp4,no_block_start_negative,side_left,4.5,0,0,0,0,0,0,yes,synthetic_v12 no_block_start_negative
synth_v12_1530_oblique_rear_knee_too_closed.mp4,rear_knee_too_closed,oblique,6.2,0,0,1,0,0,0,yes,synthetic_v12 rear_knee_too_closed
synth_v12_1531_side_first_step_too_short.mp4,first_step_too_short,side,6.6,0,0,0,0,1,0,yes,synthetic_v12 first_step_too_short
synth_v12_1532_side_partial_video.mp4,partial_video,side,4.5,0,0,0,0,0,0,yes,synthetic_v12 partial_video
synth_v12_1533_unknown_rear_knee_too_open.mp4,rear_knee_too_open,unknown,6.2,0,0,1,0,0,0,yes,synthetic_v12 rear_knee_too_open
synth_v12_1534_side_left_head_lifts_early.mp4,head_lifts_early,side_left,9.0,0,0,0,0,0,0,yes,synthetic_v12 head_lifts_early
synth_v12_1535_side_arms_crossing.mp4,arms_crossing,side,7.2,0,0,0,0,0,1,yes,synthetic_v12 arms_crossing
synth_v12_1536_unknown_lateral_drift.mp4,lateral_drift,unknown,6.6,0,0,0,0,1,0,yes,synthetic_v12 lateral_drift
synth_v12_1537_back_slow_exit.mp4,slow_exit,back,6.6,0,0,0,0,1,0,yes,synthetic_v12 slow_exit
synth_v12_1538_front_front_knee_too_closed.mp4,front_knee_too_closed,front,6.2,0,1,0,0,0,0,yes,synthetic_v12 front_knee_too_closed
synth_v12_1539_side_first_step_overstride.mp4,first_step_overstride,side,6.6,0,0,0,0,1,0,yes,synthetic_v12 first_step_overstride
synth_v12_1540_front_lateral_drift.mp4,lateral_drift,front,6.6,0,0,0,0,1,0,yes,synthetic_v12 lateral_drift
synth_v12_1541_back_occlusion_low_confidence.mp4,occlusion_low_confidence,back,4.5,0,0,0,0,0,0,yes,synthetic_v12 occlusion_low_confidence
synth_v12_1542_side_left_slow_exit.mp4,slow_exit,side_left,6.6,0,0,0,0,1,0,yes,synthetic_v12 slow_exit
synth_v12_1543_side_left_occlusion_low_confidence.mp4,occlusion_low_confidence,side_left,4.5,0,0,0,0,0,0,yes,synthetic_v12 occlusion_low_confidence
synth_v12_1544_side_left_arms_crossing.mp4,arms_crossing,side_left,7.2,0,0,0,0,0,1,yes,synthetic_v12 arms_crossing
synth_v12_1545_side_left_body_too_low_drive.mp4,body_too_low_drive,side_left,9.0,0,0,0,0,0,0,yes,synthetic_v12 body_too_low_drive
synth_v12_1546_front_first_step_overstride.mp4,first_step_overstride,front,6.6,0,0,0,0,1,0,yes,synthetic_v12 first_step_overstride
synth_v12_1547_side_first_step_overstride.mp4,first_step_overstride,side,6.6,0,0,0,0,1,0,yes,synthetic_v12 first_step_overstride
synth_v12_1548_front_body_too_low_drive.mp4,body_too_low_drive,front,9.0,0,0,0,0,0,0,yes,synthetic_v12 body_too_low_drive
synth_v12_1549_oblique_no_block_start_negative.mp4,no_block_start_negative,oblique,4.5,0,0,0,0,0,0,yes,synthetic_v12 no_block_start_negative
synth_v12_1550_back_front_knee_too_open.mp4,front_knee_too_open,back,6.2,0,1,0,0,0,0,yes,synthetic_v12 front_knee_too_open
synth_v12_1551_unknown_slow_exit.mp4,slow_exit,unknown,6.6,0,0,0,0,1,0,yes,synthetic_v12 slow_exit
synth_v12_1552_back_good.mp4,good,back,9.0,0,0,0,0,0,0,yes,synthetic_v12 good
synth_v12_1553_unknown_standing_start_negative.mp4,standing_start_negative,unknown,4.5,0,0,0,0,0,0,yes,synthetic_v12 standing_start_negative
synth_v12_1554_back_body_rises_early.mp4,body_rises_early,back,6.5,1,0,0,0,0,0,yes,synthetic_v12 body_rises_early
synth_v12_1555_front_standing_start_negative.mp4,standing_start_negative,front,4.5,0,0,0,0,0,0,yes,synthetic_v12 standing_start_negative
synth_v12_1556_side_arms_crossing.mp4,arms_crossing,side,7.2,0,0,0,0,0,1,yes,synthetic_v12 arms_crossing
synth_v12_1557_unknown_good.mp4,good,unknown,9.0,0,0,0,0,0,0,yes,synthetic_v12 good
synth_v12_1558_front_rear_knee_too_open.mp4,rear_knee_too_open,front,6.2,0,0,1,0,0,0,yes,synthetic_v12 rear_knee_too_open
synth_v12_1559_front_good.mp4,good,front,9.0,0,0,0,0,0,0,yes,synthetic_v12 good
synth_v12_1560_back_first_step_overstride.mp4,first_step_overstride,back,6.6,0,0,0,0,1,0,yes,synthetic_v12 first_step_overstride
synth_v12_1561_side_left_slow_exit.mp4,slow_exit,side_left,6.6,0,0,0,0,1,0,yes,synthetic_v12 slow_exit
synth_v12_1562_oblique_front_knee_too_closed.mp4,front_knee_too_closed,oblique,6.2,0,1,0,0,0,0,yes,synthetic_v12 front_knee_too_closed
synth_v12_1563_back_front_knee_too_closed.mp4,front_knee_too_closed,back,6.2,0,1,0,0,0,0,yes,synthetic_v12 front_knee_too_closed
synth_v12_1564_side_rear_knee_too_open.mp4,rear_knee_too_open,side,6.2,0,0,1,0,0,0,yes,synthetic_v12 rear_knee_too_open
synth_v12_1565_unknown_hip_low.mp4,hip_low,unknown,6.5,0,0,0,1,0,0,yes,synthetic_v12 hip_low
synth_v12_1566_oblique_head_lifts_early.mp4,head_lifts_early,oblique,9.0,0,0,0,0,0,0,yes,synthetic_v12 head_lifts_early
synth_v12_1567_back_partial_video.mp4,partial_video,back,4.5,0,0,0,0,0,0,yes,synthetic_v12 partial_video
synth_v12_1568_side_left_body_too_low_drive.mp4,body_too_low_drive,side_left,9.0,0,0,0,0,0,0,yes,synthetic_v12 body_too_low_drive
synth_v12_1569_front_standing_start_negative.mp4,standing_start_negative,front,4.5,0,0,0,0,0,0,yes,synthetic_v12 standing_start_negative
synth_v12_1570_back_good.mp4,good,back,9.0,0,0,0,0,0,0,yes,synthetic_v12 good
synth_v12_1571_side_left_front_knee_too_closed.mp4,front_knee_too_closed,side_left,6.2,0,1,0,0,0,0,yes,synthetic_v12 front_knee_too_closed
synth_v12_1572_oblique_hip_low.mp4,hip_low,oblique,6.5,0,0,0,1,0,0,yes,synthetic_v12 hip_low
synth_v12_1573_unknown_rear_knee_too_open.mp4,rear_knee_too_open,unknown,6.2,0,0,1,0,0,0,yes,synthetic_v12 rear_knee_too_open
synth_v12_1574_front_hip_high.mp4,hip_high,front,6.5,0,0,0,1,0,0,yes,synthetic_v12 hip_high
synth_v12_1575_side_left_hip_high.mp4,hip_high,side_left,6.5,0,0,0,1,0,0,yes,synthetic_v12 hip_high
synth_v12_1576_front_head_lifts_early.mp4,head_lifts_early,front,9.0,0,0,0,0,0,0,yes,synthetic_v12 head_lifts_early
synth_v12_1577_front_good.mp4,good,front,9.0,0,0,0,0,0,0,yes,synthetic_v12 good
synth_v12_1578_front_arms_crossing.mp4,arms_crossing,front,7.2,0,0,0,0,0,1,yes,synthetic_v12 arms_crossing
synth_v12_1579_front_no_block_start_negative.mp4,no_block_start_negative,front,4.5,0,0,0,0,0,0,yes,synthetic_v12 no_block_start_negative
synth_v12_1580_back_arms_crossing.mp4,arms_crossing,back,7.2,0,0,0,0,0,1,yes,synthetic_v12 arms_crossing
synth_v12_1581_side_left_hip_high.mp4,hip_high,side_left,6.5,0,0,0,1,0,0,yes,synthetic_v12 hip_high
synth_v12_1582_back_slow_exit.mp4,slow_exit,back,6.6,0,0,0,0,1,0,yes,synthetic_v12 slow_exit
synth_v12_1583_back_front_knee_too_closed.mp4,front_knee_too_closed,back,6.2,0,1,0,0,0,0,yes,synthetic_v12 front_knee_too_closed
synth_v12_1584_side_left_arms_crossing.mp4,arms_crossing,side_left,7.2,0,0,0,0,0,1,yes,synthetic_v12 arms_crossing
synth_v12_1585_unknown_bad_block_spacing.mp4,bad_block_spacing,unknown,6.2,0,1,1,0,0,0,yes,synthetic_v12 bad_block_spacing
synth_v12_1586_side_rear_knee_too_closed.mp4,rear_knee_too_closed,side,6.2,0,0,1,0,0,0,yes,synthetic_v12 rear_knee_too_closed
synth_v12_1587_front_front_knee_too_closed.mp4,front_knee_too_closed,front,6.2,0,1,0,0,0,0,yes,synthetic_v12 front_knee_too_closed
synth_v12_1588_side_left_head_lifts_early.mp4,head_lifts_early,side_left,9.0,0,0,0,0,0,0,yes,synthetic_v12 head_lifts_early
synth_v12_1589_front_front_knee_too_closed.mp4,front_knee_too_closed,front,6.2,0,1,0,0,0,0,yes,synthetic_v12 front_knee_too_closed
synth_v12_1590_side_left_lateral_drift.mp4,lateral_drift,side_left,6.6,0,0,0,0,1,0,yes,synthetic_v12 lateral_drift
synth_v12_1591_side_no_block_start_negative.mp4,no_block_start_negative,side,4.5,0,0,0,0,0,0,yes,synthetic_v12 no_block_start_negative
synth_v12_1592_back_occlusion_low_confidence.mp4,occlusion_low_confidence,back,4.5,0,0,0,0,0,0,yes,synthetic_v12 occlusion_low_confidence
synth_v12_1593_side_left_occlusion_low_confidence.mp4,occlusion_low_confidence,side_left,4.5,0,0,0,0,0,0,yes,synthetic_v12 occlusion_low_confidence
synth_v12_1594_side_left_first_step_too_short.mp4,first_step_too_short,side_left,6.6,0,0,0,0,1,0,yes,synthetic_v12 first_step_too_short
synth_v12_1595_front_first_step_too_short.mp4,first_step_too_short,front,6.6,0,0,0,0,1,0,yes,synthetic_v12 first_step_too_short
synth_v12_1596_oblique_rear_knee_too_closed.mp4,rear_knee_too_closed,oblique,6.2,0,0,1,0,0,0,yes,synthetic_v12 rear_knee_too_closed
synth_v12_1597_side_left_first_step_overstride.mp4,first_step_overstride,side_left,6.6,0,0,0,0,1,0,yes,synthetic_v12 first_step_overstride
synth_v12_1598_oblique_hip_high.mp4,hip_high,oblique,6.5,0,0,0,1,0,0,yes,synthetic_v12 hip_high
synth_v12_1599_side_left_arms_crossing.mp4,arms_crossing,side_left,7.2,0,0,0,0,0,1,yes,synthetic_v12 arms_crossing
synth_v12_1600_unknown_rear_knee_too_open.mp4,rear_knee_too_open,unknown,6.2,0,0,1,0,0,0,yes,synthetic_v12 rear_knee_too_open
synth_v12_1601_side_left_body_too_low_drive.mp4,body_too_low_drive,side_left,9.0,0,0,0,0,0,0,yes,synthetic_v12 body_too_low_drive
synth_v12_1602_back_rear_knee_too_open.mp4,rear_knee_too_open,back,6.2,0,0,1,0,0,0,yes,synthetic_v12 rear_knee_too_open
synth_v12_1603_side_head_lifts_early.mp4,head_lifts_early,side,9.0,0,0,0,0,0,0,yes,synthetic_v12 head_lifts_early
synth_v12_1604_back_rear_knee_too_open.mp4,rear_knee_too_open,back,6.2,0,0,1,0,0,0,yes,synthetic_v12 rear_knee_too_open
synth_v12_1605_oblique_front_knee_too_closed.mp4,front_knee_too_closed,oblique,6.2,0,1,0,0,0,0,yes,synthetic_v12 front_knee_too_closed
synth_v12_1606_front_no_block_start_negative.mp4,no_block_start_negative,front,4.5,0,0,0,0,0,0,yes,synthetic_v12 no_block_start_negative
synth_v12_1607_unknown_arms_crossing.mp4,arms_crossing,unknown,7.2,0,0,0,0,0,1,yes,synthetic_v12 arms_crossing
synth_v12_1608_side_first_step_overstride.mp4,first_step_overstride,side,6.6,0,0,0,0,1,0,yes,synthetic_v12 first_step_overstride
synth_v12_1609_oblique_rear_knee_too_closed.mp4,rear_knee_too_closed,oblique,6.2,0,0,1,0,0,0,yes,synthetic_v12 rear_knee_too_closed
synth_v12_1610_unknown_rear_knee_too_open.mp4,rear_knee_too_open,unknown,6.2,0,0,1,0,0,0,yes,synthetic_v12 rear_knee_too_open
synth_v12_1611_back_rear_knee_too_closed.mp4,rear_knee_too_closed,back,6.2,0,0,1,0,0,0,yes,synthetic_v12 rear_knee_too_closed
synth_v12_1612_front_bad_block_spacing.mp4,bad_block_spacing,front,6.2,0,1,1,0,0,0,yes,synthetic_v12 bad_block_spacing
synth_v12_1613_front_arms_crossing.mp4,arms_crossing,front,7.2,0,0,0,0,0,1,yes,synthetic_v12 arms_crossing
synth_v12_1614_back_slow_exit.mp4,slow_exit,back,6.6,0,0,0,0,1,0,yes,synthetic_v12 slow_exit
synth_v12_1615_side_front_knee_too_closed.mp4,front_knee_too_closed,side,6.2,0,1,0,0,0,0,yes,synthetic_v12 front_knee_too_closed
synth_v12_1616_side_front_knee_too_closed.mp4,front_knee_too_closed,side,6.2,0,1,0,0,0,0,yes,synthetic_v12 front_knee_too_closed
synth_v12_1617_side_body_too_low_drive.mp4,body_too_low_drive,side,9.0,0,0,0,0,0,0,yes,synthetic_v12 body_too_low_drive
synth_v12_1618_side_left_bad_block_spacing.mp4,bad_block_spacing,side_left,6.2,0,1,1,0,0,0,yes,synthetic_v12 bad_block_spacing
synth_v12_1619_unknown_front_knee_too_open.mp4,front_knee_too_open,unknown,6.2,0,1,0,0,0,0,yes,synthetic_v12 front_knee_too_open
synth_v12_1620_back_rear_knee_too_closed.mp4,rear_knee_too_closed,back,6.2,0,0,1,0,0,0,yes,synthetic_v12 rear_knee_too_closed
synth_v12_1621_back_slow_exit.mp4,slow_exit,back,6.6,0,0,0,0,1,0,yes,synthetic_v12 slow_exit
synth_v12_1622_unknown_lateral_drift.mp4,lateral_drift,unknown,6.6,0,0,0,0,1,0,yes,synthetic_v12 lateral_drift
synth_v12_1623_side_arms_crossing.mp4,arms_crossing,side,7.2,0,0,0,0,0,1,yes,synthetic_v12 arms_crossing
synth_v12_1624_side_bad_block_spacing.mp4,bad_block_spacing,side,6.2,0,1,1,0,0,0,yes,synthetic_v12 bad_block_spacing
synth_v12_1625_back_body_rises_early.mp4,body_rises_early,back,6.5,1,0,0,0,0,0,yes,synthetic_v12 body_rises_early
synth_v12_1626_side_left_head_lifts_early.mp4,head_lifts_early,side_left,9.0,0,0,0,0,0,0,yes,synthetic_v12 head_lifts_early
synth_v12_1627_back_occlusion_low_confidence.mp4,occlusion_low_confidence,back,4.5,0,0,0,0,0,0,yes,synthetic_v12 occlusion_low_confidence
synth_v12_1628_side_body_rises_early.mp4,body_rises_early,side,6.5,1,0,0,0,0,0,yes,synthetic_v12 body_rises_early
synth_v12_1629_oblique_arms_crossing.mp4,arms_crossing,oblique,7.2,0,0,0,0,0,1,yes,synthetic_v12 arms_crossing
synth_v12_1630_oblique_occlusion_low_confidence.mp4,occlusion_low_confidence,oblique,4.5,0,0,0,0,0,0,yes,synthetic_v12 occlusion_low_confidence
synth_v12_1631_oblique_first_step_too_short.mp4,first_step_too_short,oblique,6.6,0,0,0,0,1,0,yes,synthetic_v12 first_step_too_short
synth_v12_1632_front_rear_knee_too_closed.mp4,rear_knee_too_closed,front,6.2,0,0,1,0,0,0,yes,synthetic_v12 rear_knee_too_closed
synth_v12_1633_back_partial_video.mp4,partial_video,back,4.5,0,0,0,0,0,0,yes,synthetic_v12 partial_video
synth_v12_1634_oblique_hip_low.mp4,hip_low,oblique,6.5,0,0,0,1,0,0,yes,synthetic_v12 hip_low
synth_v12_1635_side_left_partial_video.mp4,partial_video,side_left,4.5,0,0,0,0,0,0,yes,synthetic_v12 partial_video
synth_v12_1636_unknown_good.mp4,good,unknown,9.0,0,0,0,0,0,0,yes,synthetic_v12 good
synth_v12_1637_unknown_hip_low.mp4,hip_low,unknown,6.5,0,0,0,1,0,0,yes,synthetic_v12 hip_low
synth_v12_1638_oblique_head_lifts_early.mp4,head_lifts_early,oblique,9.0,0,0,0,0,0,0,yes,synthetic_v12 head_lifts_early
synth_v12_1639_side_left_good.mp4,good,side_left,9.0,0,0,0,0,0,0,yes,synthetic_v12 good
synth_v12_1640_side_left_lateral_drift.mp4,lateral_drift,side_left,6.6,0,0,0,0,1,0,yes,synthetic_v12 lateral_drift
synth_v12_1641_side_lateral_drift.mp4,lateral_drift,side,6.6,0,0,0,0,1,0,yes,synthetic_v12 lateral_drift
synth_v12_1642_oblique_occlusion_low_confidence.mp4,occlusion_low_confidence,oblique,4.5,0,0,0,0,0,0,yes,synthetic_v12 occlusion_low_confidence
synth_v12_1643_unknown_partial_video.mp4,partial_video,unknown,4.5,0,0,0,0,0,0,yes,synthetic_v12 partial_video
synth_v12_1644_side_left_head_lifts_early.mp4,head_lifts_early,side_left,9.0,0,0,0,0,0,0,yes,synthetic_v12 head_lifts_early
synth_v12_1645_unknown_partial_video.mp4,partial_video,unknown,4.5,0,0,0,0,0,0,yes,synthetic_v12 partial_video
synth_v12_1646_oblique_occlusion_low_confidence.mp4,occlusion_low_confidence,oblique,4.5,0,0,0,0,0,0,yes,synthetic_v12 occlusion_low_confidence
synth_v12_1647_front_body_too_low_drive.mp4,body_too_low_drive,front,9.0,0,0,0,0,0,0,yes,synthetic_v12 body_too_low_drive
synth_v12_1648_side_lateral_drift.mp4,lateral_drift,side,6.6,0,0,0,0,1,0,yes,synthetic_v12 lateral_drift
synth_v12_1649_side_standing_start_negative.mp4,standing_start_negative,side,4.5,0,0,0,0,0,0,yes,synthetic_v12 standing_start_negative
synth_v12_1650_front_first_step_overstride.mp4,first_step_overstride,front,6.6,0,0,0,0,1,0,yes,synthetic_v12 first_step_overstride
synth_v12_1651_unknown_head_lifts_early.mp4,head_lifts_early,unknown,9.0,0,0,0,0,0,0,yes,synthetic_v12 head_lifts_early
synth_v12_1652_oblique_bad_block_spacing.mp4,bad_block_spacing,oblique,6.2,0,1,1,0,0,0,yes,synthetic_v12 bad_block_spacing
synth_v12_1653_unknown_standing_start_negative.mp4,standing_start_negative,unknown,4.5,0,0,0,0,0,0,yes,synthetic_v12 standing_start_negative
synth_v12_1654_oblique_arms_crossing.mp4,arms_crossing,oblique,7.2,0,0,0,0,0,1,yes,synthetic_v12 arms_crossing
synth_v12_1655_back_good.mp4,good,back,9.0,0,0,0,0,0,0,yes,synthetic_v12 good
synth_v12_1656_oblique_rear_knee_too_open.mp4,rear_knee_too_open,oblique,6.2,0,0,1,0,0,0,yes,synthetic_v12 rear_knee_too_open
synth_v12_1657_side_standing_start_negative.mp4,standing_start_negative,side,4.5,0,0,0,0,0,0,yes,synthetic_v12 standing_start_negative
synth_v12_1658_oblique_arms_crossing.mp4,arms_crossing,oblique,7.2,0,0,0,0,0,1,yes,synthetic_v12 arms_crossing
synth_v12_1659_side_lateral_drift.mp4,lateral_drift,side,6.6,0,0,0,0,1,0,yes,synthetic_v12 lateral_drift
synth_v12_1660_side_left_slow_exit.mp4,slow_exit,side_left,6.6,0,0,0,0,1,0,yes,synthetic_v12 slow_exit
synth_v12_1661_oblique_first_step_overstride.mp4,first_step_overstride,oblique,6.6,0,0,0,0,1,0,yes,synthetic_v12 first_step_overstride
synth_v12_1662_unknown_bad_block_spacing.mp4,bad_block_spacing,unknown,6.2,0,1,1,0,0,0,yes,synthetic_v12 bad_block_spacing
synth_v12_1663_front_partial_video.mp4,partial_video,front,4.5,0,0,0,0,0,0,yes,synthetic_v12 partial_video
synth_v12_1664_side_left_hip_low.mp4,hip_low,side_left,6.5,0,0,0,1,0,0,yes,synthetic_v12 hip_low
synth_v12_1665_unknown_first_step_overstride.mp4,first_step_overstride,unknown,6.6,0,0,0,0,1,0,yes,synthetic_v12 first_step_overstride
synth_v12_1666_side_left_occlusion_low_confidence.mp4,occlusion_low_confidence,side_left,4.5,0,0,0,0,0,0,yes,synthetic_v12 occlusion_low_confidence
synth_v12_1667_front_bad_block_spacing.mp4,bad_block_spacing,front,6.2,0,1,1,0,0,0,yes,synthetic_v12 bad_block_spacing
synth_v12_1668_side_left_good.mp4,good,side_left,9.0,0,0,0,0,0,0,yes,synthetic_v12 good
synth_v12_1669_front_slow_exit.mp4,slow_exit,front,6.6,0,0,0,0,1,0,yes,synthetic_v12 slow_exit
synth_v12_1670_front_slow_exit.mp4,slow_exit,front,6.6,0,0,0,0,1,0,yes,synthetic_v12 slow_exit
synth_v12_1671_front_hip_high.mp4,hip_high,front,6.5,0,0,0,1,0,0,yes,synthetic_v12 hip_high
synth_v12_1672_back_front_knee_too_open.mp4,front_knee_too_open,back,6.2,0,1,0,0,0,0,yes,synthetic_v12 front_knee_too_open
synth_v12_1673_oblique_slow_exit.mp4,slow_exit,oblique,6.6,0,0,0,0,1,0,yes,synthetic_v12 slow_exit
synth_v12_1674_side_lateral_drift.mp4,lateral_drift,side,6.6,0,0,0,0,1,0,yes,synthetic_v12 lateral_drift
synth_v12_1675_front_hip_low.mp4,hip_low,front,6.5,0,0,0,1,0,0,yes,synthetic_v12 hip_low
synth_v12_1676_unknown_hip_low.mp4,hip_low,unknown,6.5,0,0,0,1,0,0,yes,synthetic_v12 hip_low
synth_v12_1677_back_arms_crossing.mp4,arms_crossing,back,7.2,0,0,0,0,0,1,yes,synthetic_v12 arms_crossing
synth_v12_1678_back_slow_exit.mp4,slow_exit,back,6.6,0,0,0,0,1,0,yes,synthetic_v12 slow_exit
synth_v12_1679_side_good.mp4,good,side,9.0,0,0,0,0,0,0,yes,synthetic_v12 good
synth_v12_1680_side_left_hip_high.mp4,hip_high,side_left,6.5,0,0,0,1,0,0,yes,synthetic_v12 hip_high
synth_v12_1681_side_left_no_block_start_negative.mp4,no_block_start_negative,side_left,4.5,0,0,0,0,0,0,yes,synthetic_v12 no_block_start_negative
synth_v12_1682_front_first_step_overstride.mp4,first_step_overstride,front,6.6,0,0,0,0,1,0,yes,synthetic_v12 first_step_overstride
synth_v12_1683_side_first_step_too_short.mp4,first_step_too_short,side,6.6,0,0,0,0,1,0,yes,synthetic_v12 first_step_too_short
synth_v12_1684_back_slow_exit.mp4,slow_exit,back,6.6,0,0,0,0,1,0,yes,synthetic_v12 slow_exit
synth_v12_1685_back_rear_knee_too_open.mp4,rear_knee_too_open,back,6.2,0,0,1,0,0,0,yes,synthetic_v12 rear_knee_too_open
synth_v12_1686_back_hip_high.mp4,hip_high,back,6.5,0,0,0,1,0,0,yes,synthetic_v12 hip_high
synth_v12_1687_oblique_good.mp4,good,oblique,9.0,0,0,0,0,0,0,yes,synthetic_v12 good
synth_v12_1688_front_hip_high.mp4,hip_high,front,6.5,0,0,0,1,0,0,yes,synthetic_v12 hip_high
synth_v12_1689_front_arms_crossing.mp4,arms_crossing,front,7.2,0,0,0,0,0,1,yes,synthetic_v12 arms_crossing
synth_v12_1690_oblique_rear_knee_too_open.mp4,rear_knee_too_open,oblique,6.2,0,0,1,0,0,0,yes,synthetic_v12 rear_knee_too_open
synth_v12_1691_unknown_occlusion_low_confidence.mp4,occlusion_low_confidence,unknown,4.5,0,0,0,0,0,0,yes,synthetic_v12 occlusion_low_confidence
synth_v12_1692_unknown_front_knee_too_closed.mp4,front_knee_too_closed,unknown,6.2,0,1,0,0,0,0,yes,synthetic_v12 front_knee_too_closed
synth_v12_1693_unknown_standing_start_negative.mp4,standing_start_negative,unknown,4.5,0,0,0,0,0,0,yes,synthetic_v12 standing_start_negative
synth_v12_1694_front_rear_knee_too_open.mp4,rear_knee_too_open,front,6.2,0,0,1,0,0,0,yes,synthetic_v12 rear_knee_too_open
synth_v12_1695_side_left_front_knee_too_open.mp4,front_knee_too_open,side_left,6.2,0,1,0,0,0,0,yes,synthetic_v12 front_knee_too_open
synth_v12_1696_front_hip_low.mp4,hip_low,front,6.5,0,0,0,1,0,0,yes,synthetic_v12 hip_low
synth_v12_1697_side_front_knee_too_open.mp4,front_knee_too_open,side,6.2,0,1,0,0,0,0,yes,synthetic_v12 front_knee_too_open
synth_v12_1698_side_left_body_too_low_drive.mp4,body_too_low_drive,side_left,9.0,0,0,0,0,0,0,yes,synthetic_v12 body_too_low_drive
synth_v12_1699_side_left_rear_knee_too_open.mp4,rear_knee_too_open,side_left,6.2,0,0,1,0,0,0,yes,synthetic_v12 rear_knee_too_open
synth_v12_1700_oblique_front_knee_too_closed.mp4,front_knee_too_closed,oblique,6.2,0,1,0,0,0,0,yes,synthetic_v12 front_knee_too_closed
synth_v12_1701_front_rear_knee_too_closed.mp4,rear_knee_too_closed,front,6.2,0,0,1,0,0,0,yes,synthetic_v12 rear_knee_too_closed
synth_v12_1702_oblique_rear_knee_too_open.mp4,rear_knee_too_open,oblique,6.2,0,0,1,0,0,0,yes,synthetic_v12 rear_knee_too_open
synth_v12_1703_front_body_too_low_drive.mp4,body_too_low_drive,front,9.0,0,0,0,0,0,0,yes,synthetic_v12 body_too_low_drive
synth_v12_1704_oblique_rear_knee_too_open.mp4,rear_knee_too_open,oblique,6.2,0,0,1,0,0,0,yes,synthetic_v12 rear_knee_too_open
synth_v12_1705_back_body_too_low_drive.mp4,body_too_low_drive,back,9.0,0,0,0,0,0,0,yes,synthetic_v12 body_too_low_drive
synth_v12_1706_back_occlusion_low_confidence.mp4,occlusion_low_confidence,back,4.5,0,0,0,0,0,0,yes,synthetic_v12 occlusion_low_confidence
synth_v12_1707_side_first_step_overstride.mp4,first_step_overstride,side,6.6,0,0,0,0,1,0,yes,synthetic_v12 first_step_overstride
synth_v12_1708_side_left_standing_start_negative.mp4,standing_start_negative,side_left,4.5,0,0,0,0,0,0,yes,synthetic_v12 standing_start_negative
synth_v12_1709_back_front_knee_too_closed.mp4,front_knee_too_closed,back,6.2,0,1,0,0,0,0,yes,synthetic_v12 front_knee_too_closed
synth_v12_1710_side_left_lateral_drift.mp4,lateral_drift,side_left,6.6,0,0,0,0,1,0,yes,synthetic_v12 lateral_drift
synth_v12_1711_back_no_block_start_negative.mp4,no_block_start_negative,back,4.5,0,0,0,0,0,0,yes,synthetic_v12 no_block_start_negative
synth_v12_1712_oblique_body_too_low_drive.mp4,body_too_low_drive,oblique,9.0,0,0,0,0,0,0,yes,synthetic_v12 body_too_low_drive
synth_v12_1713_side_no_block_start_negative.mp4,no_block_start_negative,side,4.5,0,0,0,0,0,0,yes,synthetic_v12 no_block_start_negative
synth_v12_1714_back_first_step_overstride.mp4,first_step_overstride,back,6.6,0,0,0,0,1,0,yes,synthetic_v12 first_step_overstride
synth_v12_1715_side_left_good.mp4,good,side_left,9.0,0,0,0,0,0,0,yes,synthetic_v12 good
synth_v12_1716_side_occlusion_low_confidence.mp4,occlusion_low_confidence,side,4.5,0,0,0,0,0,0,yes,synthetic_v12 occlusion_low_confidence
synth_v12_1717_side_left_front_knee_too_closed.mp4,front_knee_too_closed,side_left,6.2,0,1,0,0,0,0,yes,synthetic_v12 front_knee_too_closed
synth_v12_1718_side_slow_exit.mp4,slow_exit,side,6.6,0,0,0,0,1,0,yes,synthetic_v12 slow_exit
synth_v12_1719_back_hip_high.mp4,hip_high,back,6.5,0,0,0,1,0,0,yes,synthetic_v12 hip_high
synth_v12_1720_back_hip_high.mp4,hip_high,back,6.5,0,0,0,1,0,0,yes,synthetic_v12 hip_high
synth_v12_1721_oblique_first_step_overstride.mp4,first_step_overstride,oblique,6.6,0,0,0,0,1,0,yes,synthetic_v12 first_step_overstride
synth_v12_1722_oblique_standing_start_negative.mp4,standing_start_negative,oblique,4.5,0,0,0,0,0,0,yes,synthetic_v12 standing_start_negative
synth_v12_1723_side_rear_knee_too_open.mp4,rear_knee_too_open,side,6.2,0,0,1,0,0,0,yes,synthetic_v12 rear_knee_too_open
synth_v12_1724_oblique_partial_video.mp4,partial_video,oblique,4.5,0,0,0,0,0,0,yes,synthetic_v12 partial_video
synth_v12_1725_side_left_front_knee_too_closed.mp4,front_knee_too_closed,side_left,6.2,0,1,0,0,0,0,yes,synthetic_v12 front_knee_too_closed
synth_v12_1726_side_left_body_too_low_drive.mp4,body_too_low_drive,side_left,9.0,0,0,0,0,0,0,yes,synthetic_v12 body_too_low_drive
synth_v12_1727_side_left_hip_high.mp4,hip_high,side_left,6.5,0,0,0,1,0,0,yes,synthetic_v12 hip_high
synth_v12_1728_front_hip_low.mp4,hip_low,front,6.5,0,0,0,1,0,0,yes,synthetic_v12 hip_low
synth_v12_1729_unknown_arms_crossing.mp4,arms_crossing,unknown,7.2,0,0,0,0,0,1,yes,synthetic_v12 arms_crossing
synth_v12_1730_front_occlusion_low_confidence.mp4,occlusion_low_confidence,front,4.5,0,0,0,0,0,0,yes,synthetic_v12 occlusion_low_confidence
synth_v12_1731_side_rear_knee_too_open.mp4,rear_knee_too_open,side,6.2,0,0,1,0,0,0,yes,synthetic_v12 rear_knee_too_open
synth_v12_1732_back_rear_knee_too_open.mp4,rear_knee_too_open,back,6.2,0,0,1,0,0,0,yes,synthetic_v12 rear_knee_too_open
synth_v12_1733_oblique_front_knee_too_open.mp4,front_knee_too_open,oblique,6.2,0,1,0,0,0,0,yes,synthetic_v12 front_knee_too_open
synth_v12_1734_oblique_hip_low.mp4,hip_low,oblique,6.5,0,0,0,1,0,0,yes,synthetic_v12 hip_low
synth_v12_1735_side_left_no_block_start_negative.mp4,no_block_start_negative,side_left,4.5,0,0,0,0,0,0,yes,synthetic_v12 no_block_start_negative
synth_v12_1736_unknown_first_step_overstride.mp4,first_step_overstride,unknown,6.6,0,0,0,0,1,0,yes,synthetic_v12 first_step_overstride
synth_v12_1737_front_good.mp4,good,front,9.0,0,0,0,0,0,0,yes,synthetic_v12 good
synth_v12_1738_back_head_lifts_early.mp4,head_lifts_early,back,9.0,0,0,0,0,0,0,yes,synthetic_v12 head_lifts_early
synth_v12_1739_back_first_step_too_short.mp4,first_step_too_short,back,6.6,0,0,0,0,1,0,yes,synthetic_v12 first_step_too_short
synth_v12_1740_side_occlusion_low_confidence.mp4,occlusion_low_confidence,side,4.5,0,0,0,0,0,0,yes,synthetic_v12 occlusion_low_confidence
synth_v12_1741_oblique_lateral_drift.mp4,lateral_drift,oblique,6.6,0,0,0,0,1,0,yes,synthetic_v12 lateral_drift
synth_v12_1742_front_standing_start_negative.mp4,standing_start_negative,front,4.5,0,0,0,0,0,0,yes,synthetic_v12 standing_start_negative
synth_v12_1743_front_hip_high.mp4,hip_high,front,6.5,0,0,0,1,0,0,yes,synthetic_v12 hip_high
synth_v12_1744_back_body_too_low_drive.mp4,body_too_low_drive,back,9.0,0,0,0,0,0,0,yes,synthetic_v12 body_too_low_drive
synth_v12_1745_back_hip_low.mp4,hip_low,back,6.5,0,0,0,1,0,0,yes,synthetic_v12 hip_low
synth_v12_1746_back_body_rises_early.mp4,body_rises_early,back,6.5,1,0,0,0,0,0,yes,synthetic_v12 body_rises_early
synth_v12_1747_front_arms_crossing.mp4,arms_crossing,front,7.2,0,0,0,0,0,1,yes,synthetic_v12 arms_crossing
synth_v12_1748_oblique_first_step_too_short.mp4,first_step_too_short,oblique,6.6,0,0,0,0,1,0,yes,synthetic_v12 first_step_too_short
synth_v12_1749_side_left_rear_knee_too_open.mp4,rear_knee_too_open,side_left,6.2,0,0,1,0,0,0,yes,synthetic_v12 rear_knee_too_open
synth_v12_1750_oblique_no_block_start_negative.mp4,no_block_start_negative,oblique,4.5,0,0,0,0,0,0,yes,synthetic_v12 no_block_start_negative
synth_v12_1751_back_good.mp4,good,back,9.0,0,0,0,0,0,0,yes,synthetic_v12 good
synth_v12_1752_side_partial_video.mp4,partial_video,side,4.5,0,0,0,0,0,0,yes,synthetic_v12 partial_video
synth_v12_1753_side_no_block_start_negative.mp4,no_block_start_negative,side,4.5,0,0,0,0,0,0,yes,synthetic_v12 no_block_start_negative
synth_v12_1754_oblique_body_rises_early.mp4,body_rises_early,oblique,6.5,1,0,0,0,0,0,yes,synthetic_v12 body_rises_early
synth_v12_1755_front_good.mp4,good,front,9.0,0,0,0,0,0,0,yes,synthetic_v12 good
synth_v12_1756_side_good.mp4,good,side,9.0,0,0,0,0,0,0,yes,synthetic_v12 good
synth_v12_1757_front_body_rises_early.mp4,body_rises_early,front,6.5,1,0,0,0,0,0,yes,synthetic_v12 body_rises_early
synth_v12_1758_back_body_rises_early.mp4,body_rises_early,back,6.5,1,0,0,0,0,0,yes,synthetic_v12 body_rises_early
synth_v12_1759_front_first_step_too_short.mp4,first_step_too_short,front,6.6,0,0,0,0,1,0,yes,synthetic_v12 first_step_too_short
synth_v12_1760_side_left_rear_knee_too_closed.mp4,rear_knee_too_closed,side_left,6.2,0,0,1,0,0,0,yes,synthetic_v12 rear_knee_too_closed
synth_v12_1761_oblique_head_lifts_early.mp4,head_lifts_early,oblique,9.0,0,0,0,0,0,0,yes,synthetic_v12 head_lifts_early
synth_v12_1762_oblique_body_rises_early.mp4,body_rises_early,oblique,6.5,1,0,0,0,0,0,yes,synthetic_v12 body_rises_early
synth_v12_1763_front_body_too_low_drive.mp4,body_too_low_drive,front,9.0,0,0,0,0,0,0,yes,synthetic_v12 body_too_low_drive
synth_v12_1764_unknown_lateral_drift.mp4,lateral_drift,unknown,6.6,0,0,0,0,1,0,yes,synthetic_v12 lateral_drift
synth_v12_1765_front_first_step_too_short.mp4,first_step_too_short,front,6.6,0,0,0,0,1,0,yes,synthetic_v12 first_step_too_short
synth_v12_1766_oblique_front_knee_too_closed.mp4,front_knee_too_closed,oblique,6.2,0,1,0,0,0,0,yes,synthetic_v12 front_knee_too_closed
synth_v12_1767_side_first_step_too_short.mp4,first_step_too_short,side,6.6,0,0,0,0,1,0,yes,synthetic_v12 first_step_too_short
synth_v12_1768_unknown_front_knee_too_open.mp4,front_knee_too_open,unknown,6.2,0,1,0,0,0,0,yes,synthetic_v12 front_knee_too_open
synth_v12_1769_back_bad_block_spacing.mp4,bad_block_spacing,back,6.2,0,1,1,0,0,0,yes,synthetic_v12 bad_block_spacing
synth_v12_1770_back_good.mp4,good,back,9.0,0,0,0,0,0,0,yes,synthetic_v12 good
synth_v12_1771_oblique_partial_video.mp4,partial_video,oblique,4.5,0,0,0,0,0,0,yes,synthetic_v12 partial_video
synth_v12_1772_oblique_head_lifts_early.mp4,head_lifts_early,oblique,9.0,0,0,0,0,0,0,yes,synthetic_v12 head_lifts_early
synth_v12_1773_side_bad_block_spacing.mp4,bad_block_spacing,side,6.2,0,1,1,0,0,0,yes,synthetic_v12 bad_block_spacing
synth_v12_1774_unknown_bad_block_spacing.mp4,bad_block_spacing,unknown,6.2,0,1,1,0,0,0,yes,synthetic_v12 bad_block_spacing
synth_v12_1775_back_rear_knee_too_closed.mp4,rear_knee_too_closed,back,6.2,0,0,1,0,0,0,yes,synthetic_v12 rear_knee_too_closed
synth_v12_1776_back_rear_knee_too_open.mp4,rear_knee_too_open,back,6.2,0,0,1,0,0,0,yes,synthetic_v12 rear_knee_too_open
synth_v12_1777_back_arms_crossing.mp4,arms_crossing,back,7.2,0,0,0,0,0,1,yes,synthetic_v12 arms_crossing
synth_v12_1778_oblique_rear_knee_too_open.mp4,rear_knee_too_open,oblique,6.2,0,0,1,0,0,0,yes,synthetic_v12 rear_knee_too_open
synth_v12_1779_back_standing_start_negative.mp4,standing_start_negative,back,4.5,0,0,0,0,0,0,yes,synthetic_v12 standing_start_negative
synth_v12_1780_oblique_first_step_too_short.mp4,first_step_too_short,oblique,6.6,0,0,0,0,1,0,yes,synthetic_v12 first_step_too_short
synth_v12_1781_front_no_block_start_negative.mp4,no_block_start_negative,front,4.5,0,0,0,0,0,0,yes,synthetic_v12 no_block_start_negative
synth_v12_1782_oblique_first_step_overstride.mp4,first_step_overstride,oblique,6.6,0,0,0,0,1,0,yes,synthetic_v12 first_step_overstride
synth_v12_1783_side_left_good.mp4,good,side_left,9.0,0,0,0,0,0,0,yes,synthetic_v12 good
synth_v12_1784_oblique_slow_exit.mp4,slow_exit,oblique,6.6,0,0,0,0,1,0,yes,synthetic_v12 slow_exit
synth_v12_1785_unknown_good.mp4,good,unknown,9.0,0,0,0,0,0,0,yes,synthetic_v12 good
synth_v12_1786_side_slow_exit.mp4,slow_exit,side,6.6,0,0,0,0,1,0,yes,synthetic_v12 slow_exit
synth_v12_1787_side_lateral_drift.mp4,lateral_drift,side,6.6,0,0,0,0,1,0,yes,synthetic_v12 lateral_drift
synth_v12_1788_unknown_head_lifts_early.mp4,head_lifts_early,unknown,9.0,0,0,0,0,0,0,yes,synthetic_v12 head_lifts_early
synth_v12_1789_back_arms_crossing.mp4,arms_crossing,back,7.2,0,0,0,0,0,1,yes,synthetic_v12 arms_crossing
synth_v12_1790_oblique_body_too_low_drive.mp4,body_too_low_drive,oblique,9.0,0,0,0,0,0,0,yes,synthetic_v12 body_too_low_drive
synth_v12_1791_oblique_standing_start_negative.mp4,standing_start_negative,oblique,4.5,0,0,0,0,0,0,yes,synthetic_v12 standing_start_negative
synth_v12_1792_unknown_rear_knee_too_open.mp4,rear_knee_too_open,unknown,6.2,0,0,1,0,0,0,yes,synthetic_v12 rear_knee_too_open
synth_v12_1793_oblique_bad_block_spacing.mp4,bad_block_spacing,oblique,6.2,0,1,1,0,0,0,yes,synthetic_v12 bad_block_spacing
synth_v12_1794_back_lateral_drift.mp4,lateral_drift,back,6.6,0,0,0,0,1,0,yes,synthetic_v12 lateral_drift
synth_v12_1795_oblique_rear_knee_too_closed.mp4,rear_knee_too_closed,oblique,6.2,0,0,1,0,0,0,yes,synthetic_v12 rear_knee_too_closed
synth_v12_1796_back_hip_high.mp4,hip_high,back,6.5,0,0,0,1,0,0,yes,synthetic_v12 hip_high
synth_v12_1797_unknown_hip_high.mp4,hip_high,unknown,6.5,0,0,0,1,0,0,yes,synthetic_v12 hip_high
synth_v12_1798_side_left_hip_low.mp4,hip_low,side_left,6.5,0,0,0,1,0,0,yes,synthetic_v12 hip_low
synth_v12_1799_side_left_arms_crossing.mp4,arms_crossing,side_left,7.2,0,0,0,0,0,1,yes,synthetic_v12 arms_crossing
synth_v12_1800_front_front_knee_too_open.mp4,front_knee_too_open,front,6.2,0,1,0,0,0,0,yes,synthetic_v12 front_knee_too_open
synth_v12_1801_side_left_lateral_drift.mp4,lateral_drift,side_left,6.6,0,0,0,0,1,0,yes,synthetic_v12 lateral_drift
synth_v12_1802_oblique_lateral_drift.mp4,lateral_drift,oblique,6.6,0,0,0,0,1,0,yes,synthetic_v12 lateral_drift
synth_v12_1803_oblique_front_knee_too_open.mp4,front_knee_too_open,oblique,6.2,0,1,0,0,0,0,yes,synthetic_v12 front_knee_too_open
synth_v12_1804_front_hip_low.mp4,hip_low,front,6.5,0,0,0,1,0,0,yes,synthetic_v12 hip_low
synth_v12_1805_back_rear_knee_too_closed.mp4,rear_knee_too_closed,back,6.2,0,0,1,0,0,0,yes,synthetic_v12 rear_knee_too_closed
synth_v12_1806_oblique_hip_low.mp4,hip_low,oblique,6.5,0,0,0,1,0,0,yes,synthetic_v12 hip_low
synth_v12_1807_back_hip_low.mp4,hip_low,back,6.5,0,0,0,1,0,0,yes,synthetic_v12 hip_low
synth_v12_1808_side_left_rear_knee_too_open.mp4,rear_knee_too_open,side_left,6.2,0,0,1,0,0,0,yes,synthetic_v12 rear_knee_too_open
synth_v12_1809_side_left_rear_knee_too_closed.mp4,rear_knee_too_closed,side_left,6.2,0,0,1,0,0,0,yes,synthetic_v12 rear_knee_too_closed
synth_v12_1810_side_front_knee_too_open.mp4,front_knee_too_open,side,6.2,0,1,0,0,0,0,yes,synthetic_v12 front_knee_too_open
synth_v12_1811_back_partial_video.mp4,partial_video,back,4.5,0,0,0,0,0,0,yes,synthetic_v12 partial_video
synth_v12_1812_oblique_standing_start_negative.mp4,standing_start_negative,oblique,4.5,0,0,0,0,0,0,yes,synthetic_v12 standing_start_negative
synth_v12_1813_oblique_front_knee_too_open.mp4,front_knee_too_open,oblique,6.2,0,1,0,0,0,0,yes,synthetic_v12 front_knee_too_open
synth_v12_1814_back_no_block_start_negative.mp4,no_block_start_negative,back,4.5,0,0,0,0,0,0,yes,synthetic_v12 no_block_start_negative
synth_v12_1815_side_left_front_knee_too_closed.mp4,front_knee_too_closed,side_left,6.2,0,1,0,0,0,0,yes,synthetic_v12 front_knee_too_closed
synth_v12_1816_side_left_slow_exit.mp4,slow_exit,side_left,6.6,0,0,0,0,1,0,yes,synthetic_v12 slow_exit
synth_v12_1817_oblique_front_knee_too_closed.mp4,front_knee_too_closed,oblique,6.2,0,1,0,0,0,0,yes,synthetic_v12 front_knee_too_closed
synth_v12_1818_side_left_bad_block_spacing.mp4,bad_block_spacing,side_left,6.2,0,1,1,0,0,0,yes,synthetic_v12 bad_block_spacing
synth_v12_1819_side_front_knee_too_closed.mp4,front_knee_too_closed,side,6.2,0,1,0,0,0,0,yes,synthetic_v12 front_knee_too_closed
synth_v12_1820_back_rear_knee_too_open.mp4,rear_knee_too_open,back,6.2,0,0,1,0,0,0,yes,synthetic_v12 rear_knee_too_open
synth_v12_1821_side_left_hip_low.mp4,hip_low,side_left,6.5,0,0,0,1,0,0,yes,synthetic_v12 hip_low
synth_v12_1822_side_left_bad_block_spacing.mp4,bad_block_spacing,side_left,6.2,0,1,1,0,0,0,yes,synthetic_v12 bad_block_spacing
synth_v12_1823_back_partial_video.mp4,partial_video,back,4.5,0,0,0,0,0,0,yes,synthetic_v12 partial_video
synth_v12_1824_front_first_step_too_short.mp4,first_step_too_short,front,6.6,0,0,0,0,1,0,yes,synthetic_v12 first_step_too_short
synth_v12_1825_unknown_occlusion_low_confidence.mp4,occlusion_low_confidence,unknown,4.5,0,0,0,0,0,0,yes,synthetic_v12 occlusion_low_confidence
synth_v12_1826_side_left_rear_knee_too_open.mp4,rear_knee_too_open,side_left,6.2,0,0,1,0,0,0,yes,synthetic_v12 rear_knee_too_open
synth_v12_1827_side_left_front_knee_too_closed.mp4,front_knee_too_closed,side_left,6.2,0,1,0,0,0,0,yes,synthetic_v12 front_knee_too_closed
synth_v12_1828_back_good.mp4,good,back,9.0,0,0,0,0,0,0,yes,synthetic_v12 good
synth_v12_1829_side_hip_high.mp4,hip_high,side,6.5,0,0,0,1,0,0,yes,synthetic_v12 hip_high
synth_v12_1830_side_left_body_too_low_drive.mp4,body_too_low_drive,side_left,9.0,0,0,0,0,0,0,yes,synthetic_v12 body_too_low_drive
synth_v12_1831_oblique_partial_video.mp4,partial_video,oblique,4.5,0,0,0,0,0,0,yes,synthetic_v12 partial_video
synth_v12_1832_back_rear_knee_too_open.mp4,rear_knee_too_open,back,6.2,0,0,1,0,0,0,yes,synthetic_v12 rear_knee_too_open
synth_v12_1833_unknown_rear_knee_too_closed.mp4,rear_knee_too_closed,unknown,6.2,0,0,1,0,0,0,yes,synthetic_v12 rear_knee_too_closed
synth_v12_1834_unknown_slow_exit.mp4,slow_exit,unknown,6.6,0,0,0,0,1,0,yes,synthetic_v12 slow_exit
synth_v12_1835_side_left_head_lifts_early.mp4,head_lifts_early,side_left,9.0,0,0,0,0,0,0,yes,synthetic_v12 head_lifts_early
synth_v12_1836_oblique_arms_crossing.mp4,arms_crossing,oblique,7.2,0,0,0,0,0,1,yes,synthetic_v12 arms_crossing
synth_v12_1837_side_slow_exit.mp4,slow_exit,side,6.6,0,0,0,0,1,0,yes,synthetic_v12 slow_exit
synth_v12_1838_side_left_hip_high.mp4,hip_high,side_left,6.5,0,0,0,1,0,0,yes,synthetic_v12 hip_high
synth_v12_1839_oblique_bad_block_spacing.mp4,bad_block_spacing,oblique,6.2,0,1,1,0,0,0,yes,synthetic_v12 bad_block_spacing
synth_v12_1840_unknown_partial_video.mp4,partial_video,unknown,4.5,0,0,0,0,0,0,yes,synthetic_v12 partial_video
synth_v12_1841_front_occlusion_low_confidence.mp4,occlusion_low_confidence,front,4.5,0,0,0,0,0,0,yes,synthetic_v12 occlusion_low_confidence
synth_v12_1842_front_front_knee_too_open.mp4,front_knee_too_open,front,6.2,0,1,0,0,0,0,yes,synthetic_v12 front_knee_too_open
synth_v12_1843_back_rear_knee_too_closed.mp4,rear_knee_too_closed,back,6.2,0,0,1,0,0,0,yes,synthetic_v12 rear_knee_too_closed
synth_v12_1844_side_left_body_rises_early.mp4,body_rises_early,side_left,6.5,1,0,0,0,0,0,yes,synthetic_v12 body_rises_early
synth_v12_1845_oblique_partial_video.mp4,partial_video,oblique,4.5,0,0,0,0,0,0,yes,synthetic_v12 partial_video
synth_v12_1846_front_front_knee_too_open.mp4,front_knee_too_open,front,6.2,0,1,0,0,0,0,yes,synthetic_v12 front_knee_too_open
synth_v12_1847_side_left_rear_knee_too_open.mp4,rear_knee_too_open,side_left,6.2,0,0,1,0,0,0,yes,synthetic_v12 rear_knee_too_open
synth_v12_1848_side_no_block_start_negative.mp4,no_block_start_negative,side,4.5,0,0,0,0,0,0,yes,synthetic_v12 no_block_start_negative
synth_v12_1849_front_front_knee_too_open.mp4,front_knee_too_open,front,6.2,0,1,0,0,0,0,yes,synthetic_v12 front_knee_too_open
synth_v12_1850_back_standing_start_negative.mp4,standing_start_negative,back,4.5,0,0,0,0,0,0,yes,synthetic_v12 standing_start_negative
synth_v12_1851_side_left_hip_high.mp4,hip_high,side_left,6.5,0,0,0,1,0,0,yes,synthetic_v12 hip_high
synth_v12_1852_front_slow_exit.mp4,slow_exit,front,6.6,0,0,0,0,1,0,yes,synthetic_v12 slow_exit
synth_v12_1853_back_first_step_too_short.mp4,first_step_too_short,back,6.6,0,0,0,0,1,0,yes,synthetic_v12 first_step_too_short
synth_v12_1854_unknown_bad_block_spacing.mp4,bad_block_spacing,unknown,6.2,0,1,1,0,0,0,yes,synthetic_v12 bad_block_spacing
synth_v12_1855_unknown_slow_exit.mp4,slow_exit,unknown,6.6,0,0,0,0,1,0,yes,synthetic_v12 slow_exit
synth_v12_1856_side_left_standing_start_negative.mp4,standing_start_negative,side_left,4.5,0,0,0,0,0,0,yes,synthetic_v12 standing_start_negative
synth_v12_1857_back_no_block_start_negative.mp4,no_block_start_negative,back,4.5,0,0,0,0,0,0,yes,synthetic_v12 no_block_start_negative
synth_v12_1858_front_body_rises_early.mp4,body_rises_early,front,6.5,1,0,0,0,0,0,yes,synthetic_v12 body_rises_early
synth_v12_1859_side_left_rear_knee_too_open.mp4,rear_knee_too_open,side_left,6.2,0,0,1,0,0,0,yes,synthetic_v12 rear_knee_too_open
synth_v12_1860_side_standing_start_negative.mp4,standing_start_negative,side,4.5,0,0,0,0,0,0,yes,synthetic_v12 standing_start_negative
synth_v12_1861_side_no_block_start_negative.mp4,no_block_start_negative,side,4.5,0,0,0,0,0,0,yes,synthetic_v12 no_block_start_negative
synth_v12_1862_back_lateral_drift.mp4,lateral_drift,back,6.6,0,0,0,0,1,0,yes,synthetic_v12 lateral_drift
synth_v12_1863_unknown_occlusion_low_confidence.mp4,occlusion_low_confidence,unknown,4.5,0,0,0,0,0,0,yes,synthetic_v12 occlusion_low_confidence
synth_v12_1864_back_rear_knee_too_open.mp4,rear_knee_too_open,back,6.2,0,0,1,0,0,0,yes,synthetic_v12 rear_knee_too_open
synth_v12_1865_unknown_bad_block_spacing.mp4,bad_block_spacing,unknown,6.2,0,1,1,0,0,0,yes,synthetic_v12 bad_block_spacing
synth_v12_1866_front_rear_knee_too_closed.mp4,rear_knee_too_closed,front,6.2,0,0,1,0,0,0,yes,synthetic_v12 rear_knee_too_closed
synth_v12_1867_front_partial_video.mp4,partial_video,front,4.5,0,0,0,0,0,0,yes,synthetic_v12 partial_video
synth_v12_1868_front_rear_knee_too_open.mp4,rear_knee_too_open,front,6.2,0,0,1,0,0,0,yes,synthetic_v12 rear_knee_too_open
synth_v12_1869_oblique_head_lifts_early.mp4,head_lifts_early,oblique,9.0,0,0,0,0,0,0,yes,synthetic_v12 head_lifts_early
synth_v12_1870_unknown_body_too_low_drive.mp4,body_too_low_drive,unknown,9.0,0,0,0,0,0,0,yes,synthetic_v12 body_too_low_drive
synth_v12_1871_side_left_bad_block_spacing.mp4,bad_block_spacing,side_left,6.2,0,1,1,0,0,0,yes,synthetic_v12 bad_block_spacing
synth_v12_1872_oblique_hip_high.mp4,hip_high,oblique,6.5,0,0,0,1,0,0,yes,synthetic_v12 hip_high
synth_v12_1873_unknown_first_step_overstride.mp4,first_step_overstride,unknown,6.6,0,0,0,0,1,0,yes,synthetic_v12 first_step_overstride
synth_v12_1874_side_left_occlusion_low_confidence.mp4,occlusion_low_confidence,side_left,4.5,0,0,0,0,0,0,yes,synthetic_v12 occlusion_low_confidence
synth_v12_1875_unknown_rear_knee_too_open.mp4,rear_knee_too_open,unknown,6.2,0,0,1,0,0,0,yes,synthetic_v12 rear_knee_too_open
synth_v12_1876_oblique_body_too_low_drive.mp4,body_too_low_drive,oblique,9.0,0,0,0,0,0,0,yes,synthetic_v12 body_too_low_drive
synth_v12_1877_oblique_lateral_drift.mp4,lateral_drift,oblique,6.6,0,0,0,0,1,0,yes,synthetic_v12 lateral_drift
synth_v12_1878_side_left_hip_high.mp4,hip_high,side_left,6.5,0,0,0,1,0,0,yes,synthetic_v12 hip_high
synth_v12_1879_side_left_first_step_overstride.mp4,first_step_overstride,side_left,6.6,0,0,0,0,1,0,yes,synthetic_v12 first_step_overstride
synth_v12_1880_side_left_rear_knee_too_open.mp4,rear_knee_too_open,side_left,6.2,0,0,1,0,0,0,yes,synthetic_v12 rear_knee_too_open
synth_v12_1881_oblique_first_step_too_short.mp4,first_step_too_short,oblique,6.6,0,0,0,0,1,0,yes,synthetic_v12 first_step_too_short
synth_v12_1882_side_left_lateral_drift.mp4,lateral_drift,side_left,6.6,0,0,0,0,1,0,yes,synthetic_v12 lateral_drift
synth_v12_1883_back_standing_start_negative.mp4,standing_start_negative,back,4.5,0,0,0,0,0,0,yes,synthetic_v12 standing_start_negative
synth_v12_1884_side_left_rear_knee_too_open.mp4,rear_knee_too_open,side_left,6.2,0,0,1,0,0,0,yes,synthetic_v12 rear_knee_too_open
synth_v12_1885_back_rear_knee_too_closed.mp4,rear_knee_too_closed,back,6.2,0,0,1,0,0,0,yes,synthetic_v12 rear_knee_too_closed
synth_v12_1886_back_bad_block_spacing.mp4,bad_block_spacing,back,6.2,0,1,1,0,0,0,yes,synthetic_v12 bad_block_spacing
synth_v12_1887_front_front_knee_too_closed.mp4,front_knee_too_closed,front,6.2,0,1,0,0,0,0,yes,synthetic_v12 front_knee_too_closed
synth_v12_1888_unknown_hip_high.mp4,hip_high,unknown,6.5,0,0,0,1,0,0,yes,synthetic_v12 hip_high
synth_v12_1889_front_rear_knee_too_open.mp4,rear_knee_too_open,front,6.2,0,0,1,0,0,0,yes,synthetic_v12 rear_knee_too_open
synth_v12_1890_front_bad_block_spacing.mp4,bad_block_spacing,front,6.2,0,1,1,0,0,0,yes,synthetic_v12 bad_block_spacing
synth_v12_1891_front_slow_exit.mp4,slow_exit,front,6.6,0,0,0,0,1,0,yes,synthetic_v12 slow_exit
synth_v12_1892_front_rear_knee_too_closed.mp4,rear_knee_too_closed,front,6.2,0,0,1,0,0,0,yes,synthetic_v12 rear_knee_too_closed
synth_v12_1893_oblique_front_knee_too_open.mp4,front_knee_too_open,oblique,6.2,0,1,0,0,0,0,yes,synthetic_v12 front_knee_too_open
synth_v12_1894_front_partial_video.mp4,partial_video,front,4.5,0,0,0,0,0,0,yes,synthetic_v12 partial_video
synth_v12_1895_side_left_body_too_low_drive.mp4,body_too_low_drive,side_left,9.0,0,0,0,0,0,0,yes,synthetic_v12 body_too_low_drive
synth_v12_1896_oblique_standing_start_negative.mp4,standing_start_negative,oblique,4.5,0,0,0,0,0,0,yes,synthetic_v12 standing_start_negative
synth_v12_1897_side_head_lifts_early.mp4,head_lifts_early,side,9.0,0,0,0,0,0,0,yes,synthetic_v12 head_lifts_early
synth_v12_1898_oblique_partial_video.mp4,partial_video,oblique,4.5,0,0,0,0,0,0,yes,synthetic_v12 partial_video
synth_v12_1899_unknown_hip_low.mp4,hip_low,unknown,6.5,0,0,0,1,0,0,yes,synthetic_v12 hip_low
synth_v12_1900_oblique_arms_crossing.mp4,arms_crossing,oblique,7.2,0,0,0,0,0,1,yes,synthetic_v12 arms_crossing
synth_v12_1901_front_good.mp4,good,front,9.0,0,0,0,0,0,0,yes,synthetic_v12 good
synth_v12_1902_side_left_hip_high.mp4,hip_high,side_left,6.5,0,0,0,1,0,0,yes,synthetic_v12 hip_high
synth_v12_1903_side_left_good.mp4,good,side_left,9.0,0,0,0,0,0,0,yes,synthetic_v12 good
synth_v12_1904_unknown_rear_knee_too_open.mp4,rear_knee_too_open,unknown,6.2,0,0,1,0,0,0,yes,synthetic_v12 rear_knee_too_open
synth_v12_1905_side_left_head_lifts_early.mp4,head_lifts_early,side_left,9.0,0,0,0,0,0,0,yes,synthetic_v12 head_lifts_early
synth_v12_1906_back_hip_low.mp4,hip_low,back,6.5,0,0,0,1,0,0,yes,synthetic_v12 hip_low
synth_v12_1907_unknown_lateral_drift.mp4,lateral_drift,unknown,6.6,0,0,0,0,1,0,yes,synthetic_v12 lateral_drift
synth_v12_1908_oblique_front_knee_too_closed.mp4,front_knee_too_closed,oblique,6.2,0,1,0,0,0,0,yes,synthetic_v12 front_knee_too_closed
synth_v12_1909_side_left_front_knee_too_closed.mp4,front_knee_too_closed,side_left,6.2,0,1,0,0,0,0,yes,synthetic_v12 front_knee_too_closed
synth_v12_1910_side_left_rear_knee_too_open.mp4,rear_knee_too_open,side_left,6.2,0,0,1,0,0,0,yes,synthetic_v12 rear_knee_too_open
synth_v12_1911_unknown_bad_block_spacing.mp4,bad_block_spacing,unknown,6.2,0,1,1,0,0,0,yes,synthetic_v12 bad_block_spacing
synth_v12_1912_unknown_rear_knee_too_open.mp4,rear_knee_too_open,unknown,6.2,0,0,1,0,0,0,yes,synthetic_v12 rear_knee_too_open
synth_v12_1913_front_head_lifts_early.mp4,head_lifts_early,front,9.0,0,0,0,0,0,0,yes,synthetic_v12 head_lifts_early
synth_v12_1914_front_no_block_start_negative.mp4,no_block_start_negative,front,4.5,0,0,0,0,0,0,yes,synthetic_v12 no_block_start_negative
synth_v12_1915_unknown_first_step_overstride.mp4,first_step_overstride,unknown,6.6,0,0,0,0,1,0,yes,synthetic_v12 first_step_overstride
synth_v12_1916_side_first_step_overstride.mp4,first_step_overstride,side,6.6,0,0,0,0,1,0,yes,synthetic_v12 first_step_overstride
synth_v12_1917_side_head_lifts_early.mp4,head_lifts_early,side,9.0,0,0,0,0,0,0,yes,synthetic_v12 head_lifts_early
synth_v12_1918_unknown_front_knee_too_open.mp4,front_knee_too_open,unknown,6.2,0,1,0,0,0,0,yes,synthetic_v12 front_knee_too_open
synth_v12_1919_back_rear_knee_too_open.mp4,rear_knee_too_open,back,6.2,0,0,1,0,0,0,yes,synthetic_v12 rear_knee_too_open
synth_v12_1920_side_front_knee_too_open.mp4,front_knee_too_open,side,6.2,0,1,0,0,0,0,yes,synthetic_v12 front_knee_too_open
synth_v12_1921_side_head_lifts_early.mp4,head_lifts_early,side,9.0,0,0,0,0,0,0,yes,synthetic_v12 head_lifts_early
synth_v12_1922_front_standing_start_negative.mp4,standing_start_negative,front,4.5,0,0,0,0,0,0,yes,synthetic_v12 standing_start_negative
synth_v12_1923_side_left_occlusion_low_confidence.mp4,occlusion_low_confidence,side_left,4.5,0,0,0,0,0,0,yes,synthetic_v12 occlusion_low_confidence
synth_v12_1924_side_arms_crossing.mp4,arms_crossing,side,7.2,0,0,0,0,0,1,yes,synthetic_v12 arms_crossing
synth_v12_1925_side_left_body_too_low_drive.mp4,body_too_low_drive,side_left,9.0,0,0,0,0,0,0,yes,synthetic_v12 body_too_low_drive
synth_v12_1926_oblique_hip_low.mp4,hip_low,oblique,6.5,0,0,0,1,0,0,yes,synthetic_v12 hip_low
synth_v12_1927_side_standing_start_negative.mp4,standing_start_negative,side,4.5,0,0,0,0,0,0,yes,synthetic_v12 standing_start_negative
synth_v12_1928_oblique_body_too_low_drive.mp4,body_too_low_drive,oblique,9.0,0,0,0,0,0,0,yes,synthetic_v12 body_too_low_drive
synth_v12_1929_side_left_body_too_low_drive.mp4,body_too_low_drive,side_left,9.0,0,0,0,0,0,0,yes,synthetic_v12 body_too_low_drive
synth_v12_1930_oblique_front_knee_too_open.mp4,front_knee_too_open,oblique,6.2,0,1,0,0,0,0,yes,synthetic_v12 front_knee_too_open
synth_v12_1931_oblique_head_lifts_early.mp4,head_lifts_early,oblique,9.0,0,0,0,0,0,0,yes,synthetic_v12 head_lifts_early
synth_v12_1932_front_occlusion_low_confidence.mp4,occlusion_low_confidence,front,4.5,0,0,0,0,0,0,yes,synthetic_v12 occlusion_low_confidence
synth_v12_1933_unknown_occlusion_low_confidence.mp4,occlusion_low_confidence,unknown,4.5,0,0,0,0,0,0,yes,synthetic_v12 occlusion_low_confidence
synth_v12_1934_side_first_step_too_short.mp4,first_step_too_short,side,6.6,0,0,0,0,1,0,yes,synthetic_v12 first_step_too_short
synth_v12_1935_front_rear_knee_too_closed.mp4,rear_knee_too_closed,front,6.2,0,0,1,0,0,0,yes,synthetic_v12 rear_knee_too_closed
synth_v12_1936_front_lateral_drift.mp4,lateral_drift,front,6.6,0,0,0,0,1,0,yes,synthetic_v12 lateral_drift
synth_v12_1937_side_left_arms_crossing.mp4,arms_crossing,side_left,7.2,0,0,0,0,0,1,yes,synthetic_v12 arms_crossing
synth_v12_1938_side_standing_start_negative.mp4,standing_start_negative,side,4.5,0,0,0,0,0,0,yes,synthetic_v12 standing_start_negative
synth_v12_1939_oblique_rear_knee_too_closed.mp4,rear_knee_too_closed,oblique,6.2,0,0,1,0,0,0,yes,synthetic_v12 rear_knee_too_closed
synth_v12_1940_oblique_occlusion_low_confidence.mp4,occlusion_low_confidence,oblique,4.5,0,0,0,0,0,0,yes,synthetic_v12 occlusion_low_confidence
synth_v12_1941_unknown_standing_start_negative.mp4,standing_start_negative,unknown,4.5,0,0,0,0,0,0,yes,synthetic_v12 standing_start_negative
synth_v12_1942_oblique_no_block_start_negative.mp4,no_block_start_negative,oblique,4.5,0,0,0,0,0,0,yes,synthetic_v12 no_block_start_negative
synth_v12_1943_back_first_step_too_short.mp4,first_step_too_short,back,6.6,0,0,0,0,1,0,yes,synthetic_v12 first_step_too_short
synth_v12_1944_unknown_rear_knee_too_closed.mp4,rear_knee_too_closed,unknown,6.2,0,0,1,0,0,0,yes,synthetic_v12 rear_knee_too_closed
synth_v12_1945_back_rear_knee_too_closed.mp4,rear_knee_too_closed,back,6.2,0,0,1,0,0,0,yes,synthetic_v12 rear_knee_too_closed
synth_v12_1946_oblique_partial_video.mp4,partial_video,oblique,4.5,0,0,0,0,0,0,yes,synthetic_v12 partial_video
synth_v12_1947_back_first_step_overstride.mp4,first_step_overstride,back,6.6,0,0,0,0,1,0,yes,synthetic_v12 first_step_overstride
synth_v12_1948_unknown_head_lifts_early.mp4,head_lifts_early,unknown,9.0,0,0,0,0,0,0,yes,synthetic_v12 head_lifts_early
synth_v12_1949_oblique_body_rises_early.mp4,body_rises_early,oblique,6.5,1,0,0,0,0,0,yes,synthetic_v12 body_rises_early
synth_v12_1950_back_good.mp4,good,back,9.0,0,0,0,0,0,0,yes,synthetic_v12 good
synth_v12_1951_oblique_front_knee_too_closed.mp4,front_knee_too_closed,oblique,6.2,0,1,0,0,0,0,yes,synthetic_v12 front_knee_too_closed
synth_v12_1952_front_body_too_low_drive.mp4,body_too_low_drive,front,9.0,0,0,0,0,0,0,yes,synthetic_v12 body_too_low_drive
synth_v12_1953_side_left_first_step_overstride.mp4,first_step_overstride,side_left,6.6,0,0,0,0,1,0,yes,synthetic_v12 first_step_overstride
synth_v12_1954_side_lateral_drift.mp4,lateral_drift,side,6.6,0,0,0,0,1,0,yes,synthetic_v12 lateral_drift
synth_v12_1955_side_left_bad_block_spacing.mp4,bad_block_spacing,side_left,6.2,0,1,1,0,0,0,yes,synthetic_v12 bad_block_spacing
synth_v12_1956_oblique_rear_knee_too_closed.mp4,rear_knee_too_closed,oblique,6.2,0,0,1,0,0,0,yes,synthetic_v12 rear_knee_too_closed
synth_v12_1957_back_no_block_start_negative.mp4,no_block_start_negative,back,4.5,0,0,0,0,0,0,yes,synthetic_v12 no_block_start_negative
synth_v12_1958_oblique_first_step_too_short.mp4,first_step_too_short,oblique,6.6,0,0,0,0,1,0,yes,synthetic_v12 first_step_too_short
synth_v12_1959_side_no_block_start_negative.mp4,no_block_start_negative,side,4.5,0,0,0,0,0,0,yes,synthetic_v12 no_block_start_negative
synth_v12_1960_side_slow_exit.mp4,slow_exit,side,6.6,0,0,0,0,1,0,yes,synthetic_v12 slow_exit
synth_v12_1961_oblique_first_step_too_short.mp4,first_step_too_short,oblique,6.6,0,0,0,0,1,0,yes,synthetic_v12 first_step_too_short
synth_v12_1962_unknown_rear_knee_too_open.mp4,rear_knee_too_open,unknown,6.2,0,0,1,0,0,0,yes,synthetic_v12 rear_knee_too_open
synth_v12_1963_front_hip_low.mp4,hip_low,front,6.5,0,0,0,1,0,0,yes,synthetic_v12 hip_low
synth_v12_1964_front_front_knee_too_closed.mp4,front_knee_too_closed,front,6.2,0,1,0,0,0,0,yes,synthetic_v12 front_knee_too_closed
synth_v12_1965_front_bad_block_spacing.mp4,bad_block_spacing,front,6.2,0,1,1,0,0,0,yes,synthetic_v12 bad_block_spacing
synth_v12_1966_unknown_first_step_too_short.mp4,first_step_too_short,unknown,6.6,0,0,0,0,1,0,yes,synthetic_v12 first_step_too_short
synth_v12_1967_front_no_block_start_negative.mp4,no_block_start_negative,front,4.5,0,0,0,0,0,0,yes,synthetic_v12 no_block_start_negative
synth_v12_1968_unknown_first_step_overstride.mp4,first_step_overstride,unknown,6.6,0,0,0,0,1,0,yes,synthetic_v12 first_step_overstride
synth_v12_1969_unknown_front_knee_too_closed.mp4,front_knee_too_closed,unknown,6.2,0,1,0,0,0,0,yes,synthetic_v12 front_knee_too_closed
synth_v12_1970_side_left_good.mp4,good,side_left,9.0,0,0,0,0,0,0,yes,synthetic_v12 good
synth_v12_1971_front_front_knee_too_closed.mp4,front_knee_too_closed,front,6.2,0,1,0,0,0,0,yes,synthetic_v12 front_knee_too_closed
synth_v12_1972_side_left_body_rises_early.mp4,body_rises_early,side_left,6.5,1,0,0,0,0,0,yes,synthetic_v12 body_rises_early
synth_v12_1973_oblique_body_rises_early.mp4,body_rises_early,oblique,6.5,1,0,0,0,0,0,yes,synthetic_v12 body_rises_early
synth_v12_1974_side_left_good.mp4,good,side_left,9.0,0,0,0,0,0,0,yes,synthetic_v12 good
synth_v12_1975_side_left_body_rises_early.mp4,body_rises_early,side_left,6.5,1,0,0,0,0,0,yes,synthetic_v12 body_rises_early
synth_v12_1976_side_left_partial_video.mp4,partial_video,side_left,4.5,0,0,0,0,0,0,yes,synthetic_v12 partial_video
synth_v12_1977_unknown_front_knee_too_closed.mp4,front_knee_too_closed,unknown,6.2,0,1,0,0,0,0,yes,synthetic_v12 front_knee_too_closed
synth_v12_1978_oblique_body_too_low_drive.mp4,body_too_low_drive,oblique,9.0,0,0,0,0,0,0,yes,synthetic_v12 body_too_low_drive
synth_v12_1979_side_no_block_start_negative.mp4,no_block_start_negative,side,4.5,0,0,0,0,0,0,yes,synthetic_v12 no_block_start_negative
synth_v12_1980_side_good.mp4,good,side,9.0,0,0,0,0,0,0,yes,synthetic_v12 good
synth_v12_1981_side_left_front_knee_too_open.mp4,front_knee_too_open,side_left,6.2,0,1,0,0,0,0,yes,synthetic_v12 front_knee_too_open
synth_v12_1982_side_body_rises_early.mp4,body_rises_early,side,6.5,1,0,0,0,0,0,yes,synthetic_v12 body_rises_early
synth_v12_1983_oblique_first_step_overstride.mp4,first_step_overstride,oblique,6.6,0,0,0,0,1,0,yes,synthetic_v12 first_step_overstride
synth_v12_1984_unknown_standing_start_negative.mp4,standing_start_negative,unknown,4.5,0,0,0,0,0,0,yes,synthetic_v12 standing_start_negative
synth_v12_1985_front_no_block_start_negative.mp4,no_block_start_negative,front,4.5,0,0,0,0,0,0,yes,synthetic_v12 no_block_start_negative
synth_v12_1986_back_standing_start_negative.mp4,standing_start_negative,back,4.5,0,0,0,0,0,0,yes,synthetic_v12 standing_start_negative
synth_v12_1987_unknown_good.mp4,good,unknown,9.0,0,0,0,0,0,0,yes,synthetic_v12 good
synth_v12_1988_unknown_rear_knee_too_open.mp4,rear_knee_too_open,unknown,6.2,0,0,1,0,0,0,yes,synthetic_v12 rear_knee_too_open
synth_v12_1989_oblique_partial_video.mp4,partial_video,oblique,4.5,0,0,0,0,0,0,yes,synthetic_v12 partial_video
synth_v12_1990_unknown_hip_high.mp4,hip_high,unknown,6.5,0,0,0,1,0,0,yes,synthetic_v12 hip_high
synth_v12_1991_side_arms_crossing.mp4,arms_crossing,side,7.2,0,0,0,0,0,1,yes,synthetic_v12 arms_crossing
synth_v12_1992_side_left_hip_high.mp4,hip_high,side_left,6.5,0,0,0,1,0,0,yes,synthetic_v12 hip_high
synth_v12_1993_side_slow_exit.mp4,slow_exit,side,6.6,0,0,0,0,1,0,yes,synthetic_v12 slow_exit
synth_v12_1994_back_hip_high.mp4,hip_high,back,6.5,0,0,0,1,0,0,yes,synthetic_v12 hip_high
synth_v12_1995_front_rear_knee_too_open.mp4,rear_knee_too_open,front,6.2,0,0,1,0,0,0,yes,synthetic_v12 rear_knee_too_open
synth_v12_1996_back_slow_exit.mp4,slow_exit,back,6.6,0,0,0,0,1,0,yes,synthetic_v12 slow_exit
synth_v12_1997_back_front_knee_too_open.mp4,front_knee_too_open,back,6.2,0,1,0,0,0,0,yes,synthetic_v12 front_knee_too_open
synth_v12_1998_unknown_arms_crossing.mp4,arms_crossing,unknown,7.2,0,0,0,0,0,1,yes,synthetic_v12 arms_crossing
synth_v12_1999_unknown_hip_low.mp4,hip_low,unknown,6.5,0,0,0,1,0,0,yes,synthetic_v12 hip_low
